PreyGene,UniprotId
vifprotein,P69723
RBX2_HUMAN,Q9UBF6
BC11B_HUMAN,Q9C0K0
CUL5_HUMAN,Q93034
DCA11_HUMAN,Q8TEB1
ELOB_HUMAN,Q15370
ELOC_HUMAN,Q15369
PEBB_HUMAN,Q13951
RUNX2_HUMAN,Q13950
RUNX3_HUMAN,Q13761
CUL2_HUMAN,Q13617
RUNX1_HUMAN,Q01196
PDC6I_HUMAN,Q8WUM4
AMRA1_HUMAN,Q9C0C7
EMD_HUMAN,P50402
ZBTB1_HUMAN,Q9Y2K1
PML_HUMAN,P29590
RFA1_HUMAN,P27694
BAF_HUMAN,O75531
SC16A_HUMAN,O15027
HAX1_HUMAN,O00165
NEDD8_HUMAN,Q15843
AKP8L_HUMAN,Q9ULX6
HNRPM_HUMAN,P52272
ERAP1_HUMAN,Q9NZ08
TCF7_HUMAN,P36402
HTF4_HUMAN,Q99081
ANXA1_HUMAN,P04083
NCOR1_HUMAN,O75376
BAG3_HUMAN,O95817
ARI1_HUMAN,Q9Y4X5
ETS1_HUMAN,P14921
HPBP1_HUMAN,Q9NZL4
TBA4A_HUMAN,P68366
HMCS1_HUMAN,Q01581
THIC_HUMAN,Q9BWD1
CD3G_HUMAN,P09693
ZN384_HUMAN,Q8TF68
NFKB1_HUMAN,P19838
NUP93_HUMAN,Q8N1F7
RIR2_HUMAN,P31350
TXTP_HUMAN,P53007
BACH_HUMAN,O00154
SIN3A_HUMAN,Q96ST3
PTSS1_HUMAN,P48651
ACTN4_HUMAN,O43707
ARC1B_HUMAN,O15143
NHRF1_HUMAN,O14745
M2OM_HUMAN,Q02978
HDAC3_HUMAN,O15379
6PGD_HUMAN,P52209
FKBP8_HUMAN,Q14318
AKT1_HUMAN,P31749
AES_HUMAN,Q08117
RBM14_HUMAN,Q96PK6
CKAP4_HUMAN,Q07065
SYSC_HUMAN,P49591
NU214_HUMAN,P35658
TPSN_HUMAN,O15533
YTHD2_HUMAN,Q9Y5A9
ZAP70_HUMAN,P43403
ANXA6_HUMAN,P08133
TAF4_HUMAN,O00268
polpolyprotein,Q2A7R5
TMM33_HUMAN,P57088
IF1AY_HUMAN,O14602
MKRN2_HUMAN,Q9H000
URP2_HUMAN,Q86UX7
CPT1A_HUMAN,P50416
FUMH_HUMAN,P07954
CLIC1_HUMAN,O00299
P85A_HUMAN,P27986
ADHX_HUMAN,P11766
VATH_HUMAN,Q9UI12
SEP11_HUMAN,Q9NVA2
SAC1_HUMAN,Q9NTJ5
SH3L3_HUMAN,Q9H299
HINT2_HUMAN,Q9BX68
MSI2H_HUMAN,Q96DH6
USP9X_HUMAN,Q93008
ANKH1_HUMAN,Q8IWZ3
TPPC5_HUMAN,Q8IUR0
RB6I2_HUMAN,Q8IUD2
KCC4_HUMAN,Q16566
LMAN2_HUMAN,Q12907
GOGA2_HUMAN,Q08379
FLI1_HUMAN,Q01543
ETFB_HUMAN,P38117
RFA3_HUMAN,P35244
RFA2_HUMAN,P15927
KIF4A_HUMAN,O95239
CDC45_HUMAN,O75419
TCRG1_HUMAN,O14776
CTRO_HUMAN,O14578
MTCH2_HUMAN,Q9Y6C9
GLU2B_HUMAN,P14314
ARPC2_HUMAN,O15144
CNN2_HUMAN,Q99439
F162A_HUMAN,Q96A26
TOIP1_HUMAN,Q5JTV8
DHC24_HUMAN,Q15392
FLOT1_HUMAN,O75955
RN213_HUMAN,Q63HN8
PP2AA_HUMAN,P67775
CISY_HUMAN,O75390
FUBP1_HUMAN,Q96AE4
LONM_HUMAN,P36776
FMNL1_HUMAN,O95466
F207A_HUMAN,Q9NSI2
DJB14_HUMAN,Q8TBM8
HUWE1_HUMAN,Q7Z6Z7
CUL4A_HUMAN,Q13619
SRSF2_HUMAN,Q01130
RBX1_HUMAN,P62877
IF5_HUMAN,P55010
ITAL_HUMAN,P20701
CATA_HUMAN,P04040
EXOC5_HUMAN,O00471
DIC_HUMAN,Q9UBX3
CLN6_HUMAN,Q9NWW5
MAIP1_HUMAN,Q8WWC4
GDIR1_HUMAN,P52565
CAN1_HUMAN,P07384
TYSY_HUMAN,P04818
ZZEF1_HUMAN,O43149
CSN7B_HUMAN,Q9H9Q2
TBCB_HUMAN,Q99426
VP33A_HUMAN,Q96AX1
BAG6_HUMAN,P46379
STIP1_HUMAN,P31948
PSB9_HUMAN,P28065
PSB8_HUMAN,P28062
C1TC_HUMAN,P11586
FYB_HUMAN,O15117
TLN1_HUMAN,Q9Y490
NOSIP_HUMAN,Q9Y314
LEF1_HUMAN,Q9UJU2
FKBP4_HUMAN,Q02790
GLYM_HUMAN,P34897
PEBP1_HUMAN,P30086
COX41_HUMAN,P13073
CLP1L_HUMAN,Q96KA5
HCDH_HUMAN,Q16836
TADBP_HUMAN,Q13148
LDHA_HUMAN,P00338
SORT_HUMAN,Q99523
STMN2_HUMAN,Q93045
TRXR1_HUMAN,Q16881
LGUL_HUMAN,Q04760
CDK5_HUMAN,Q00535
ASNA_HUMAN,O43681
NDUA4_HUMAN,O00483
SND1_HUMAN,Q7KZF4
PP6R3_HUMAN,Q5H9R7
MA7D1_HUMAN,Q3KQU3
ABRX2_HUMAN,Q15018
VEZF1_HUMAN,Q14119
STIM1_HUMAN,Q13586
TLE3_HUMAN,Q04726
B2MG_HUMAN,P61769
OCAD2_HUMAN,Q56VL3
ARPC4_HUMAN,P59998
NDKA_HUMAN,P15531
ISG15_HUMAN,P05161
ADA_HUMAN,P00813
PNMA2_HUMAN,Q9UL42
RENT1_HUMAN,Q92900
SCPDL_HUMAN,Q8NBX0
TPM4_HUMAN,P67936
SRP54_HUMAN,P61011
PUR9_HUMAN,P31939
EZRI_HUMAN,P15311
PNPH_HUMAN,P00491
LETM1_HUMAN,O95202
EXOC3_HUMAN,O60645
NEMO_HUMAN,Q9Y6K9
DHCR7_HUMAN,Q9UBM7
PFD4_HUMAN,Q9NQP4
VAT1_HUMAN,Q99536
REPS1_HUMAN,Q96D71
RABE1_HUMAN,Q15276
NNTM_HUMAN,Q13423
SC61B_HUMAN,P60468
RAB5C_HUMAN,P51148
SC31A_HUMAN,O94979
AKAP8_HUMAN,O43823
SRPRB_HUMAN,Q9Y5M8
IKZF2_HUMAN,Q9UKS7
RCOR1_HUMAN,Q9UKL0
EI2BA_HUMAN,Q14232
CSN1_HUMAN,Q13098
ARP3_HUMAN,P61158
RAB7A_HUMAN,P51149
TALDO_HUMAN,P37837
PGAM1_HUMAN,P18669
MIF_HUMAN,P14174
IPO7_HUMAN,O95373
EP15R_HUMAN,Q9UBC2
MOV10_HUMAN,Q9HCE1
TBB2A_HUMAN,Q13885
G6PI_HUMAN,P06744
DIAP2_HUMAN,O60879
ATIF1_HUMAN,Q9UII2
OCAD1_HUMAN,Q9NX40
RAB1B_HUMAN,Q9H0U4
RASL3_HUMAN,Q86YV0
CUL4B_HUMAN,Q13620
CXCR4_HUMAN,P61073
UBP11_HUMAN,P51784
SDHB_HUMAN,P21912
PTN1_HUMAN,P18031
ALDOC_HUMAN,P09972
TPPC3_HUMAN,O43617
nefprotein,P18801
tatprotein,P0C1K3
TMED7_HUMAN,Q9Y3B3
EXOC7_HUMAN,Q9UPT5
CPVL_HUMAN,Q9H3G5
GBF1_HUMAN,Q92538
MARE1_HUMAN,Q15691
SP3_HUMAN,Q02447
CH10_HUMAN,P61604
MAX_HUMAN,P61244
IF4A1_HUMAN,P60842
DHB4_HUMAN,P51659
MDHM_HUMAN,P40926
TKT_HUMAN,P29401
OAT_HUMAN,P04181
CYB5B_HUMAN,O43169
CSN3_HUMAN,Q9UNS2
FA49B_HUMAN,Q9NUQ9
ACAD9_HUMAN,Q9H845
FKBP3_HUMAN,Q00688
PSB10_HUMAN,P40306
DNJB1_HUMAN,P25685
QCR7_HUMAN,P14927
LCK_HUMAN,P06239
ITB1_HUMAN,P05556
HMMR_HUMAN,O75330
LANC1_HUMAN,O43813
ZN593_HUMAN,O00488
PA2G4_HUMAN,Q9UQ80
TRI33_HUMAN,Q9UPN9
MAGD2_HUMAN,Q9UNF1
SFXN1_HUMAN,Q9H9B4
PARK7_HUMAN,Q99497
MOGS_HUMAN,Q13724
RPAB5_HUMAN,P62875
ITA4_HUMAN,P13612
TIM44_HUMAN,O43615
PPP6_HUMAN,O00743
NUP50_HUMAN,Q9UKX7
TECR_HUMAN,Q9NZ01
PELO_HUMAN,Q9BRX2
THMS1_HUMAN,Q8N1K5
MYH14_HUMAN,Q7Z406
RAD51_HUMAN,Q06609
CYC_HUMAN,P99999
AP2B1_HUMAN,P63010
ARP2_HUMAN,P61160
IDHP_HUMAN,P48735
LPPRC_HUMAN,P42704
PCNA_HUMAN,P12004
DHE3_HUMAN,P00367
DPM1_HUMAN,O60762
SURF4_HUMAN,O15260
AIP_HUMAN,O00170
TSSC4_HUMAN,Q9Y5U2
RN114_HUMAN,Q9Y508
LSM12_HUMAN,Q3MHD2
EI2BE_HUMAN,Q13144
GALT2_HUMAN,Q10471
TYB10_HUMAN,P63313
CSK_HUMAN,P41240
APEX1_HUMAN,P27695
MOES_HUMAN,P26038
QCR6_HUMAN,P07919
CD3D_HUMAN,P04234
TBCA_HUMAN,O75347
DNJA3_HUMAN,Q96EY1
DPYL2_HUMAN,Q16555
SSXT_HUMAN,Q15532
GRAP2_HUMAN,O75791
NUBP2_HUMAN,Q9Y5Y2
DIM1_HUMAN,Q9UNQ2
TTC7A_HUMAN,Q9ULT0
ABRAL_HUMAN,Q9P1F3
DJB12_HUMAN,Q9NXW2
PSB7_HUMAN,Q99436
VPS35_HUMAN,Q96QK1
LRC47_HUMAN,Q8N1G4
PIN1_HUMAN,Q13526
RING1_HUMAN,Q06587
RL40_HUMAN,P62987
EI2BB_HUMAN,P49770
SSRA_HUMAN,P43307
RFC4_HUMAN,P35249
AKT2_HUMAN,P31751
RAC2_HUMAN,P15153
PGK1_HUMAN,P00558
SQOR_HUMAN,Q9Y6N5
ATX10_HUMAN,Q9UBB4
ILKAP_HUMAN,Q9H0C8
DAZP1_HUMAN,Q96EP5
NCLN_HUMAN,Q969V3
H90B2_HUMAN,Q58FF8
TMED2_HUMAN,Q15363
ARHG6_HUMAN,Q15052
G3BP1_HUMAN,Q13283
1433F_HUMAN,Q04917
CSN2_HUMAN,P61201
EIF1_HUMAN,P41567
STAT3_HUMAN,P40763
ADDA_HUMAN,P35611
PRDX5_HUMAN,P30044
RPB1_HUMAN,P24928
FPPS_HUMAN,P14324
ITB2_HUMAN,P05107
TIPRL_HUMAN,O75663
CNOT3_HUMAN,O75175
LPXN_HUMAN,O60711
ARK72_HUMAN,O43488
HAT1_HUMAN,O14929
NOC4L_HUMAN,Q9BVI4
IPO9_HUMAN,Q96P70
KATL2_HUMAN,Q8IYT4
RS27L_HUMAN,Q71UM5
RCN1_HUMAN,Q15293
ARHG7_HUMAN,Q14155
CTBP1_HUMAN,Q13363
PABP4_HUMAN,Q13310
RT15_HUMAN,P82914
ACTG_HUMAN,P63261
DCAF7_HUMAN,P61962
TPIS_HUMAN,P60174
FAS_HUMAN,P49327
IQGA1_HUMAN,P46940
TBG1_HUMAN,P23258
SODC_HUMAN,P00441
VATG1_HUMAN,O75348
PP6R1_HUMAN,Q9UPN7
THYN1_HUMAN,Q9P016
ADPPT_HUMAN,Q9NRN7
GAPR1_HUMAN,Q9H4G4
SEPT1_HUMAN,Q8WYJ6
TMEDA_HUMAN,P49755
RS27_HUMAN,P42677
PPAC_HUMAN,P24666
TPR_HUMAN,P12270
UB2L6_HUMAN,O14933
ACOD_HUMAN,O00767
LEG9_HUMAN,O00182
NDUB9_HUMAN,Q9Y6M9
RT16_HUMAN,Q9Y3D3
LRCH1_HUMAN,Q9Y2L9
DNPEP_HUMAN,Q9ULA0
APC4_HUMAN,Q9UJX5
LIMD1_HUMAN,Q9UGP4
ADDG_HUMAN,Q9UEY8
CNOT2_HUMAN,Q9NZN8
CSN8_HUMAN,Q99627
MY18A_HUMAN,Q92614
H1X_HUMAN,Q92522
PSPC1_HUMAN,Q8WXF1
AGK_HUMAN,Q53H12
NDUA5_HUMAN,Q16718
TCOF_HUMAN,Q13428
TBB4B_HUMAN,P68371
FKB1A_HUMAN,P62942
TYB4_HUMAN,P62328
HDGF_HUMAN,P51858
RS10_HUMAN,P46783
TAGL2_HUMAN,P37802
RPB3_HUMAN,P19387
P4HA1_HUMAN,P13674
PDIA4_HUMAN,P13667
CD3E_HUMAN,P07766
LDHB_HUMAN,P07195
SH21A_HUMAN,O60880
XPO1_HUMAN,O14980
WASF2_HUMAN,Q9Y6W5
CFA20_HUMAN,Q9Y6A4
UCHL5_HUMAN,Q9Y5K5
STRAP_HUMAN,Q9Y3F4
VPS18_HUMAN,Q9P253
HACD3_HUMAN,Q9P035
UGGG1_HUMAN,Q9NYU2
KIF15_HUMAN,Q9NS87
SDF2L_HUMAN,Q9HCN8
DEFI6_HUMAN,Q9H4E7
TMA16_HUMAN,Q96EY4
CSN5_HUMAN,Q92905
TAF8_HUMAN,Q7Z7C8
RNH2B_HUMAN,Q5TBB1
EAPP_HUMAN,Q56P03
FA98B_HUMAN,Q52LJ0
ZYX_HUMAN,Q15942
TSN_HUMAN,Q15631
PCBP2_HUMAN,Q15366
PDIA6_HUMAN,Q15084
SSBP_HUMAN,Q04837
EF1A1_HUMAN,P68104
PSB3_HUMAN,P49720
GARS_HUMAN,P41250
ABCD3_HUMAN,P28288
PSA5_HUMAN,P28066
SAHH_HUMAN,P23526
UBA1_HUMAN,P22314
DCAM_HUMAN,P17707
PTMA_HUMAN,P06454
COX2_HUMAN,P00403
PEX14_HUMAN,O75381
IDH3B_HUMAN,O43837
LSM4_HUMAN,Q9Y4Z0
LSM5_HUMAN,Q9Y4Y9
PHOCN_HUMAN,Q9Y3A3
RT33_HUMAN,Q9Y291
L10K_HUMAN,Q9UNZ5
AGO2_HUMAN,Q9UKV8
MBD2_HUMAN,Q9UBB5
CRIPT_HUMAN,Q9P021
TOM22_HUMAN,Q9NS69
HNRL1_HUMAN,Q9BUJ2
WAC_HUMAN,Q9BTA9
CND3_HUMAN,Q9BPX3
DYL2_HUMAN,Q96FJ2
TNPO1_HUMAN,Q92973
SCFD2_HUMAN,Q8WU76
SLAI1_HUMAN,Q8ND83
CSN6_HUMAN,Q7L5N1
IF16_HUMAN,Q16666
CAPR1_HUMAN,Q14444
CAP1_HUMAN,Q01518
CSK21_HUMAN,P68400
DYLT1_HUMAN,P63172
GBB1_HUMAN,P62873
ACTB_HUMAN,P60709
RBP2_HUMAN,P49792
HINT1_HUMAN,P49773
RL12_HUMAN,P30050
PSB5_HUMAN,P28074
PSA3_HUMAN,P25788
FBRL_HUMAN,P22087
IF2B_HUMAN,P20042
KAPCA_HUMAN,P17612
PLSL_HUMAN,P13796
ADT3_HUMAN,P12236
UBL4A_HUMAN,P11441
IF4E_HUMAN,P06730
KTNA1_HUMAN,O75449
ZBT24_HUMAN,O43167
PSA7_HUMAN,O14818
IMA4_HUMAN,O00505
NDUS8_HUMAN,O00217
LSM2_HUMAN,Q9Y333
DBNL_HUMAN,Q9UJU6
EXOC1_HUMAN,Q9NV70
TBL1R_HUMAN,Q9BZK7
CSN4_HUMAN,Q9BT78
GCP2_HUMAN,Q9BSJ2
NP1L4_HUMAN,Q99733
YMEL1_HUMAN,Q96TA2
USMG5_HUMAN,Q96IX5
FXRD1_HUMAN,Q96CU9
LRC59_HUMAN,Q96AG4
PPHLN_HUMAN,Q8NEY8
CAND1_HUMAN,Q86VP6
NDUA9_HUMAN,Q16795
GANAB_HUMAN,Q14697
AP3B2_HUMAN,Q13367
PTN11_HUMAN,Q06124
RL19_HUMAN,P84098
RT10_HUMAN,P82664
DYL1_HUMAN,P63167
GRB2_HUMAN,P62993
RL30_HUMAN,P62888
YPEL5_HUMAN,P62699
PFD3_HUMAN,P61758
IF6_HUMAN,P56537
STT3A_HUMAN,P46977
PI4KA_HUMAN,P42356
RFC3_HUMAN,P40938
RFC5_HUMAN,P40937
GPX4_HUMAN,P36969
AMRP_HUMAN,P30533
ATPD_HUMAN,P30049
PSA1_HUMAN,P25786
QCR2_HUMAN,P22695
IMDH2_HUMAN,P12268
RU1C_HUMAN,P09234
PROF1_HUMAN,P07737
RLA2_HUMAN,P05387
AIFM1_HUMAN,O95831
RNH2A_HUMAN,O75792
PUR4_HUMAN,O15067
DCTN6_HUMAN,O00399
SAM50_HUMAN,Q9Y512
PIN4_HUMAN,Q9Y237
PSME2_HUMAN,Q9UL46
TR112_HUMAN,Q9UI30
QCR9_HUMAN,Q9UDW1
MIC19_HUMAN,Q9NX63
MAGT1_HUMAN,Q9H0U3
DCTN5_HUMAN,Q9BTE1
LIMD2_HUMAN,Q9BT23
ESYT1_HUMAN,Q9BSJ8
PFD5_HUMAN,Q99471
SYMPK_HUMAN,Q92797
TFG_HUMAN,Q92734
RT27_HUMAN,Q92552
NELFB_HUMAN,Q8WX92
FOXP4_HUMAN,Q8IVH2
GET4_HUMAN,Q7L5D6
TEBP_HUMAN,Q15185
AF1Q_HUMAN,Q13015
KLC1_HUMAN,Q07866
SATB1_HUMAN,Q01826
CDK6_HUMAN,Q00534
RT09_HUMAN,P82933
RL27_HUMAN,P61353
MTPN_HUMAN,P58546
ATPK_HUMAN,P56134
RBM5_HUMAN,P52756
NDUA8_HUMAN,P51970
SSRD_HUMAN,P51571
GDIB_HUMAN,P50395
RAGP1_HUMAN,P46060
EPS15_HUMAN,P42566
FDFT_HUMAN,P37268
SDHA_HUMAN,P31040
CLIP1_HUMAN,P30622
PRDX3_HUMAN,P30048
PSB6_HUMAN,P28072
PSA2_HUMAN,P25787
JAK1_HUMAN,P23458
RPAB1_HUMAN,P19388
STMN1_HUMAN,P16949
H15_HUMAN,P16401
GSTP1_HUMAN,P09211
TPM3_HUMAN,P06753
LA_HUMAN,P05455
HPRT_HUMAN,P00492
WDHD1_HUMAN,O75717
EDF1_HUMAN,O60869
MCA3_HUMAN,O43324
PSMD9_HUMAN,O00233
LRRF2_HUMAN,Q9Y608
CD2AP_HUMAN,Q9Y5K6
FA32A_HUMAN,Q9Y421
SGT1_HUMAN,Q9Y2Z0
RT28_HUMAN,Q9Y2Q9
VDAC3_HUMAN,Q9Y277
ARP10_HUMAN,Q9NZ32
GID8_HUMAN,Q9NWU2
SYFB_HUMAN,Q9NSD9
XPO5_HUMAN,Q9HAV4
MOB1A_HUMAN,Q9H8S9
RMD5A_HUMAN,Q9H871
TRAF4_HUMAN,Q9BUZ4
TBA1C_HUMAN,Q9BQE3
DNJC7_HUMAN,Q99615
CCD97_HUMAN,Q96F63
SKA1_HUMAN,Q96BD8
DNJC9_HUMAN,Q8WXX5
STT3B_HUMAN,Q8TCJ2
KTN1_HUMAN,Q86UP2
GGYF2_HUMAN,Q6Y7W6
BRE1A_HUMAN,Q5VTR2
HP1B3_HUMAN,Q5SSJ5
TIM50_HUMAN,Q3ZCQ8
TBB8_HUMAN,Q3ZCM7
GRDN_HUMAN,Q3V6T2
CUL1_HUMAN,Q13616
IKZF1_HUMAN,Q13422
AIMP2_HUMAN,Q13155
KHDR1_HUMAN,Q07666
LMNB2_HUMAN,Q03252
RT25_HUMAN,P82663
RACK1_HUMAN,P63244
IF5A1_HUMAN,P63241
RS27A_HUMAN,P62979
RS29_HUMAN,P62273
RL26_HUMAN,P61254
SEC13_HUMAN,P55735
NP1L1_HUMAN,P55209
SNAA_HUMAN,P54920
GDIR2_HUMAN,P52566
IMA1_HUMAN,P52292
BAP31_HUMAN,P51572
CDK9_HUMAN,P50750
CRIP1_HUMAN,P50238
PSB2_HUMAN,P49721
SRP09_HUMAN,P49458
MATR3_HUMAN,P43243
VATA_HUMAN,P38606
PRDX2_HUMAN,P32119
1433B_HUMAN,P31946
PSB4_HUMAN,P28070
DDX6_HUMAN,P26196
PABP1_HUMAN,P11940
RU17_HUMAN,P08621
CY1_HUMAN,P08574
4F2_HUMAN,P08195
IF2A_HUMAN,P05198
ATP5L_HUMAN,O75964
SPF30_HUMAN,O75940
DCTN3_HUMAN,O75935
IPO5_HUMAN,O00410
RT18B_HUMAN,Q9Y676
ZN148_HUMAN,Q9UQR1
APC7_HUMAN,Q9UJX3
DJB11_HUMAN,Q9UBS4
HTR5B_HUMAN,Q9P2D3
VAPA_HUMAN,Q9P0L0
NTPCR_HUMAN,Q9BSD7
PAAF1_HUMAN,Q9BRP4
DOCK7_HUMAN,Q96N67
SH3K1_HUMAN,Q96B97
ARHG2_HUMAN,Q92974
SCFD1_HUMAN,Q8WVM8
PAF1_HUMAN,Q8N7H5
PHF6_HUMAN,Q8IWS0
EIF3M_HUMAN,Q7L2H7
GLYR1_HUMAN,Q49A26
WASC4_HUMAN,Q2M389
PSMD5_HUMAN,Q16401
ADRM1_HUMAN,Q16186
IPYR_HUMAN,Q15181
SEPT2_HUMAN,Q15019
IMB1_HUMAN,Q14974
LASP1_HUMAN,Q14847
LBR_HUMAN,Q14739
RCN2_HUMAN,Q14257
MLEC_HUMAN,Q14165
CIRBP_HUMAN,Q14011
PFKAP_HUMAN,Q01813
MPCP_HUMAN,Q00325
RL24_HUMAN,P83731
RT35_HUMAN,P82673
UBC9_HUMAN,P63279
RS21_HUMAN,P63220
SKP1_HUMAN,P63208
1433Z_HUMAN,P63104
RS15_HUMAN,P62841
RUXF_HUMAN,P62306
PSME3_HUMAN,P61289
PSA6_HUMAN,P60900
MAZ_HUMAN,P56270
HNRH2_HUMAN,P55795
ECHB_HUMAN,P55084
XPO2_HUMAN,P55060
RT29_HUMAN,P51398
PSMD8_HUMAN,P48556
ATPO_HUMAN,P48047
CAZA2_HUMAN,P47755
RL5_HUMAN,P46777
VDAC2_HUMAN,P45880
RANG_HUMAN,P43487
RL35_HUMAN,P42766
HSP74_HUMAN,P34932
DUT_HUMAN,P33316
RL9_HUMAN,P32969
QCR1_HUMAN,P31930
RPB2_HUMAN,P30876
PDIA3_HUMAN,P30101
MAP4_HUMAN,P27816
SFPQ_HUMAN,P23246
LMNB1_HUMAN,P20700
PSB1_HUMAN,P20618
KAP0_HUMAN,P10644
AT1A1_HUMAN,P05023
ALDOA_HUMAN,P04075
SNP29_HUMAN,O95721
RAD21_HUMAN,O60216
SERA_HUMAN,O43175
CNOT1_HUMAN,A5YKK6
ESYT2_HUMAN,A0FGR8
NUDC_HUMAN,Q9Y266
EVL_HUMAN,Q9UI08
SUN2_HUMAN,Q9UH99
EIF3K_HUMAN,Q9UBQ5
HDAC6_HUMAN,Q9UBN7
RCC2_HUMAN,Q9P258
KCTD5_HUMAN,Q9NXV2
CYBP_HUMAN,Q9HB71
OSBL8_HUMAN,Q9BZF1
FUBP2_HUMAN,Q92945
ELMO1_HUMAN,Q92556
ZC3HF_HUMAN,Q8WU90
DEN1C_HUMAN,Q8IV53
MK06_HUMAN,Q16659
SEPT7_HUMAN,Q16181
NONO_HUMAN,Q15233
CND1_HUMAN,Q15021
CND2_HUMAN,Q15003
DYHC1_HUMAN,Q14204
SEPT6_HUMAN,Q14141
HNRPD_HUMAN,Q14103
REST_HUMAN,Q13127
PSME1_HUMAN,Q06323
PPIA_HUMAN,P62937
RS25_HUMAN,P62851
RS24_HUMAN,P62847
RS6_HUMAN,P62753
RS23_HUMAN,P62266
1433E_HUMAN,P62258
RS16_HUMAN,P62249
1433G_HUMAN,P61981
HCFC1_HUMAN,P51610
5NTC_HUMAN,P49902
LMAN1_HUMAN,P49257
OST48_HUMAN,P39656
PPM1A_HUMAN,P35813
METK2_HUMAN,P31153
COR1A_HUMAN,P31146
2AAA_HUMAN,P30153
PYR1_HUMAN,P27708
1433T_HUMAN,P27348
HMGB2_HUMAN,P26583
PSA4_HUMAN,P25789
PUR6_HUMAN,P22234
NUCL_HUMAN,P19338
ATP5J_HUMAN,P18859
RL17_HUMAN,P18621
ENPL_HUMAN,P14625
PARP1_HUMAN,P09874
HMGB1_HUMAN,P09429
RSSA_HUMAN,P08865
PTPRC_HUMAN,P08575
ENOA_HUMAN,P06733
ADT2_HUMAN,P05141
G3P_HUMAN,P04406
CD2B2_HUMAN,O95400
PSD10_HUMAN,O75832
DNJA2_HUMAN,O60884
F262_HUMAN,O60825
KDM1A_HUMAN,O60341
CALU_HUMAN,O43852
BUB3_HUMAN,O43684
R113A_HUMAN,O15541
MYPT1_HUMAN,O14974
COPE_HUMAN,O14579
SPIN1_HUMAN,Q9Y657
UBP15_HUMAN,Q9Y4E8
EIF3L_HUMAN,Q9Y262
RUVB2_HUMAN,Q9Y230
SMC3_HUMAN,Q9UQE7
PSD13_HUMAN,Q9UNM6
SYNRG_HUMAN,Q9UMZ2
SEPT9_HUMAN,Q9UHD8
PDIP3_HUMAN,Q9BY77
ANM1_HUMAN,Q99873
MYCBP_HUMAN,Q99417
DOCK2_HUMAN,Q92608
MTMRE_HUMAN,Q8NCE2
CCAR2_HUMAN,Q8N163
RN219_HUMAN,Q5W0B1
LRRF1_HUMAN,Q32MZ4
DDB1_HUMAN,Q16531
PCBP1_HUMAN,Q15365
CHD4_HUMAN,Q14839
MCM6_HUMAN,Q14566
KPRA_HUMAN,Q14558
PSMD2_HUMAN,Q13200
PRKDC_HUMAN,P78527
RS4X_HUMAN,P62701
PRS10_HUMAN,P62333
RS14_HUMAN,P62263
PRS4_HUMAN,P62191
ACTZ_HUMAN,P61163
EIF3E_HUMAN,P60228
PSMD4_HUMAN,P55036
COPB_HUMAN,P53618
ACLY_HUMAN,P53396
HNRPF_HUMAN,P52597
PSMD7_HUMAN,P51665
MCM2_HUMAN,P49736
COPD_HUMAN,P48444
PRS6B_HUMAN,P43686
MYH10_HUMAN,P35580
MCM7_HUMAN,P33993
DNJA1_HUMAN,P31689
PRDX6_HUMAN,P30041
EF1G_HUMAN,P26641
COF1_HUMAN,P23528
SYWC_HUMAN,P23381
DDX5_HUMAN,P17844
KPYM_HUMAN,P14618
HCLS1_HUMAN,P14317
EF2_HUMAN,P13639
XRCC5_HUMAN,P13010
XRCC6_HUMAN,P12956
GRP78_HUMAN,P11021
HS90A_HUMAN,P07900
TBB5_HUMAN,P07437
PDIA1_HUMAN,P07237
RPN2_HUMAN,P04844
RPN1_HUMAN,P04843
DIAP1_HUMAN,O60610
SNUT1_HUMAN,O43290
PSMD3_HUMAN,O43242
EIF3H_HUMAN,O15372
PSD12_HUMAN,O00232
gagpolyprotein,P12493
revprotein,P69718
S23IP_HUMAN,Q9Y6Y8
NS1BP_HUMAN,Q9Y6Y0
NCOA3_HUMAN,Q9Y6Q9
S4A7_HUMAN,Q9Y6M7
DC1L1_HUMAN,Q9Y6G9
BZW2_HUMAN,Q9Y6E2
MD1L1_HUMAN,Q9Y6D9
BIG2_HUMAN,Q9Y6D5
SELK_HUMAN,Q9Y6D0
TACC3_HUMAN,Q9Y6A5
COPG1_HUMAN,Q9Y678
NR2E3_HUMAN,Q9Y5X4
MAGD1_HUMAN,Q9Y5V3
ZN706_HUMAN,Q9Y5V0
RBM8A_HUMAN,Q9Y5S9
TF3C3_HUMAN,Q9Y5Q9
TF3C5_HUMAN,Q9Y5Q8
PAXB1_HUMAN,Q9Y5B6
RBM7_HUMAN,Q9Y580
PRC2C_HUMAN,Q9Y520
AFG32_HUMAN,Q9Y4W6
HYOU1_HUMAN,Q9Y4L1
TRAF6_HUMAN,Q9Y4K3
CRBG1_HUMAN,Q9Y4K1
MARF1_HUMAN,Q9Y4F3
DCAF1_HUMAN,Q9Y4B6
MTCL1_HUMAN,Q9Y4B5
SKAP_HUMAN,Q9Y448
T22D4_HUMAN,Q9Y3Q8
RTCB_HUMAN,Q9Y3I0
RT23_HUMAN,Q9Y3D9
TIM16_HUMAN,Q9Y3D7
RT18C_HUMAN,Q9Y3D5
MIP18_HUMAN,Q9Y3D0
UFC1_HUMAN,Q9Y3C8
PPIL1_HUMAN,Q9Y3C6
WASC3_HUMAN,Q9Y3C0
RM11_HUMAN,Q9Y3B7
SF3B6_HUMAN,Q9Y3B4
TMED5_HUMAN,Q9Y3A6
RT02_HUMAN,Q9Y399
LC7L2_HUMAN,Q9Y383
AAR2_HUMAN,Q9Y312
GIT1_HUMAN,Q9Y2X7
TR150_HUMAN,Q9Y2W1
CHSP1_HUMAN,Q9Y2V2
AP3M1_HUMAN,Q9Y2T2
PDIP2_HUMAN,Q9Y2S7
RT07_HUMAN,Q9Y2R9
RT17_HUMAN,Q9Y2R5
GSTK1_HUMAN,Q9Y2Q3
RRP44_HUMAN,Q9Y2L1
WDR37_HUMAN,Q9Y2I8
FYV1_HUMAN,Q9Y2I7
NISCH_HUMAN,Q9Y2I1
ST38L_HUMAN,Q9Y2H1
CNPY2_HUMAN,Q9Y2B0
DRG1_HUMAN,Q9Y295
ASF1A_HUMAN,Q9Y294
SYFA_HUMAN,Q9Y285
ERGI3_HUMAN,Q9Y282
RUVB1_HUMAN,Q9Y265
PLAP_HUMAN,Q9Y263
HIG1A_HUMAN,Q9Y241
T3JAM_HUMAN,Q9Y228
CN166_HUMAN,Q9Y224
SRRM2_HUMAN,Q9UQ35
UBP24_HUMAN,Q9UPU5
TNR6B_HUMAN,Q9UPQ9
MACF1_HUMAN,Q9UPN3
NSF1C_HUMAN,Q9UNZ2
SSRG_HUMAN,Q9UNL2
SNX6_HUMAN,Q9UNH7
G3BP2_HUMAN,Q9UN86
VPS4A_HUMAN,Q9UN37
UBQL1_HUMAN,Q9UMX0
PRP19_HUMAN,Q9UMS4
TMCO1_HUMAN,Q9UM00
NOB1_HUMAN,Q9ULX3
TPX2_HUMAN,Q9ULW0
COR1C_HUMAN,Q9ULV4
ISY1_HUMAN,Q9ULR0
F184B_HUMAN,Q9ULE4
MCTS1_HUMAN,Q9ULC4
MKLN1_HUMAN,Q9UL63
ZN346_HUMAN,Q9UL40
RAB21_HUMAN,Q9UL25
BAG5_HUMAN,Q9UL15
CDV3_HUMAN,Q9UKY7
CPSF3_HUMAN,Q9UKF6
JUPI1_HUMAN,Q9UK76
STML2_HUMAN,Q9UJZ1
APC5_HUMAN,Q9UJX4
CDC23_HUMAN,Q9UJX2
DCTN4_HUMAN,Q9UJW0
DDX41_HUMAN,Q9UJV9
CNOT7_HUMAN,Q9UIV1
LCAP_HUMAN,Q9UIQ6
SCOC_HUMAN,Q9UIL1
PS1C1_HUMAN,Q9UIG5
ZN639_HUMAN,Q9UID6
XPO7_HUMAN,Q9UIA9
IPO11_HUMAN,Q9UI26
EI2BD_HUMAN,Q9UI10
NDUAC_HUMAN,Q9UI09
NRBP_HUMAN,Q9UHY1
PUF60_HUMAN,Q9UHX1
PFD2_HUMAN,Q9UHV9
S30BP_HUMAN,Q9UHR5
DPP2_HUMAN,Q9UHL4
UBQL2_HUMAN,Q9UHD9
CHRD1_HUMAN,Q9UHD1
SRP68_HUMAN,Q9UHB9
ABCF2_HUMAN,Q9UG63
CGBP1_HUMAN,Q9UFW8
STK39_HUMAN,Q9UEW8
ZO2_HUMAN,Q9UDY2
ZMYM2_HUMAN,Q9UBW7
SE1L1_HUMAN,Q9UBV2
MO4L1_HUMAN,Q9UBU8
SAE2_HUMAN,Q9UBT2
GRHPR_HUMAN,Q9UBQ7
VPS29_HUMAN,Q9UBQ0
UXT_HUMAN,Q9UBK9
COMD3_HUMAN,Q9UBI1
COPG2_HUMAN,Q9UBF2
TFP11_HUMAN,Q9UBB9
ANFY1_HUMAN,Q9P2R3
RBM27_HUMAN,Q9P2N5
SYLC_HUMAN,Q9P2J5
CPSF2_HUMAN,Q9P2I0
RRBP1_HUMAN,Q9P2E9
BCCIP_HUMAN,Q9P287
SLAI2_HUMAN,Q9P270
DAPLE_HUMAN,Q9P219
CAMP3_HUMAN,Q9P1Y5
NDUAD_HUMAN,Q9P0J0
NDUF4_HUMAN,Q9P032
CNIH4_HUMAN,Q9P003
COMD9_HUMAN,Q9P000
MAT2B_HUMAN,Q9NZL9
E2AK3_HUMAN,Q9NZJ5
IF2B1_HUMAN,Q9NZI8
F120A_HUMAN,Q9NZB2
CI078_HUMAN,Q9NZ63
CISD1_HUMAN,Q9NZ45
USE1_HUMAN,Q9NZ43
GTSE1_HUMAN,Q9NYZ3
ELOV5_HUMAN,Q9NYP7
TMOD3_HUMAN,Q9NYL9
RM39_HUMAN,Q9NYK5
TAB2_HUMAN,Q9NYJ8
BCLF1_HUMAN,Q9NYF8
TE2IP_HUMAN,Q9NYB0
DDX56_HUMAN,Q9NY93
DPP3_HUMAN,Q9NY33
PP4R2_HUMAN,Q9NY27
BABA2_HUMAN,Q9NXR7
THUM1_HUMAN,Q9NXG2
LYAR_HUMAN,Q9NX58
HYPK_HUMAN,Q9NX55
RM16_HUMAN,Q9NX20
BABA1_HUMAN,Q9NWV8
PARI_HUMAN,Q9NWS1
PIHD1_HUMAN,Q9NWS0
ARGL1_HUMAN,Q9NWB6
RBM22_HUMAN,Q9NW64
RPC2_HUMAN,Q9NW08
GNL3L_HUMAN,Q9NVN8
INT13_HUMAN,Q9NVM9
ATD3A_HUMAN,Q9NVI7
FANCI_HUMAN,Q9NVI1
S39A9_HUMAN,Q9NUM3
ABHDA_HUMAN,Q9NUJ1
PDRG1_HUMAN,Q9NUG6
OLA1_HUMAN,Q9NTK5
SMC4_HUMAN,Q9NTJ3
INKA2_HUMAN,Q9NTI7
ATG3_HUMAN,Q9NT62
TREX1_HUMAN,Q9NSU2
PNO1_HUMAN,Q9NRX1
STRN4_HUMAN,Q9NRL3
MBNL1_HUMAN,Q9NR56
EI2BG_HUMAN,Q9NR50
SAR1A_HUMAN,Q9NR31
DDX21_HUMAN,Q9NR30
DBLOH_HUMAN,Q9NR28
GEPH_HUMAN,Q9NQX3
XPP1_HUMAN,Q9NQW7
RPR1B_HUMAN,Q9NQG5
RTN4_HUMAN,Q9NQC3
COPRS_HUMAN,Q9NQ92
LUC7L_HUMAN,Q9NQ29
MED4_HUMAN,Q9NPJ6
OSGEP_HUMAN,Q9NPF4
DLRB1_HUMAN,Q9NP97
ARFG3_HUMAN,Q9NP61
APMAP_HUMAN,Q9HDC9
CHM1A_HUMAN,Q9HD42
SYF1_HUMAN,Q9HCS7
GPN1_HUMAN,Q9HCN4
MCCB_HUMAN,Q9HCC0
EMAL4_HUMAN,Q9HC35
TM165_HUMAN,Q9HC07
SPC25_HUMAN,Q9HBM1
CLK4_HUMAN,Q9HAZ1
GRPE1_HUMAN,Q9HAV7
KT3K_HUMAN,Q9HA64
RM44_HUMAN,Q9H9J2
CNO10_HUMAN,Q9H9A5
GHC1_HUMAN,Q9H936
JUPI2_HUMAN,Q9H910
WDR26_HUMAN,Q9H7D7
RPAP3_HUMAN,Q9H6T3
DHX35_HUMAN,Q9H5Z1
CX056_HUMAN,Q9H5V9
WNK1_HUMAN,Q9H4A3
DSN1_HUMAN,Q9H410
NELFA_HUMAN,Q9H3P2
TMX1_HUMAN,Q9H3N1
BOLA2_HUMAN,Q9H3K6
RM46_HUMAN,Q9H2W6
IPYR2_HUMAN,Q9H2U2
ADNP_HUMAN,Q9H2P0
PDCL3_HUMAN,Q9H2J4
PPIL3_HUMAN,Q9H2H8
VPS11_HUMAN,Q9H270
VPS16_HUMAN,Q9H269
APC1_HUMAN,Q9H1A4
BC11A_HUMAN,Q9H165
NSRP1_HUMAN,Q9H0G5
XRN2_HUMAN,Q9H0D6
LSG1_HUMAN,Q9H089
MIS12_HUMAN,Q9H081
NIF3L_HUMAN,Q9GZT8
WDR61_HUMAN,Q9GZS3
WDR12_HUMAN,Q9GZL7
WDR33_HUMAN,Q9C0J8
API5_HUMAN,Q9BZZ5
UBL5_HUMAN,Q9BZL1
RM37_HUMAN,Q9BZE1
NUF2_HUMAN,Q9BZD4
RT26_HUMAN,Q9BYN8
RM04_HUMAN,Q9BYD3
GNB1L_HUMAN,Q9BYB4
CHM4A_HUMAN,Q9BY43
RTF2_HUMAN,Q9BY42
FACD2_HUMAN,Q9BXW9
AP1M1_HUMAN,Q9BXS5
SRRT_HUMAN,Q9BXP5
HEMGN_HUMAN,Q9BXL5
NAA15_HUMAN,Q9BXJ9
NADAP_HUMAN,Q9BWU0
MND1_HUMAN,Q9BWT6
SF3B5_HUMAN,Q9BWJ5
RBM4_HUMAN,Q9BWF3
DDA1_HUMAN,Q9BW61
NUP85_HUMAN,Q9BW27
NUP58_HUMAN,Q9BVL2
TMED9_HUMAN,Q9BVK6
TM109_HUMAN,Q9BVC6
LST8_HUMAN,Q9BVC4
KTNB1_HUMAN,Q9BVA0
RN126_HUMAN,Q9BV68
DDX23_HUMAN,Q9BUQ8
MKNK1_HUMAN,Q9BUB5
CK084_HUMAN,Q9BUA3
TMM43_HUMAN,Q9BTV4
MCMBP_HUMAN,Q9BTE3
MTA3_HUMAN,Q9BTC8
NFIP1_HUMAN,Q9BT67
HAUS8_HUMAN,Q9BT25
RIOK1_HUMAN,Q9BRS2
PDD2L_HUMAN,Q9BRP1
TIRR_HUMAN,Q9BRJ7
TXD17_HUMAN,Q9BRA2
CCD77_HUMAN,Q9BR77
AIF1L_HUMAN,Q9BQI0
RT63_HUMAN,Q9BQC6
VKOR1_HUMAN,Q9BQB6
MEP50_HUMAN,Q9BQA1
CS043_HUMAN,Q9BQ61
SPI2B_HUMAN,Q9BPZ2
NIPS1_HUMAN,Q9BPW8
VRK1_HUMAN,Q99986
TEP1_HUMAN,Q99973
MYD88_HUMAN,Q99836
TCPH_HUMAN,Q99832
TM9S2_HUMAN,Q99805
ACON_HUMAN,Q99798
SNAG_HUMAN,Q99747
ROAA_HUMAN,Q99729
HCD2_HUMAN,Q99714
KIF2C_HUMAN,Q99661
PHB2_HUMAN,Q99623
TTC1_HUMAN,Q99614
EIF3C_HUMAN,Q99613
TSNAX_HUMAN,Q99598
NUP88_HUMAN,Q99567
PSMD1_HUMAN,Q99460
CDC5L_HUMAN,Q99459
UHRF1_HUMAN,Q96T88
STRBP_HUMAN,Q96SI9
SMC6_HUMAN,Q96SB8
SRPK1_HUMAN,Q96SB4
PKHF1_HUMAN,Q96S99
RANB9_HUMAN,Q96S59
WRIP1_HUMAN,Q96S55
FNBP1_HUMAN,Q96RU3
NUDC1_HUMAN,Q96RS6
ERGI2_HUMAN,Q96RQ1
SPAG5_HUMAN,Q96R06
PP1RA_HUMAN,Q96QC0
TSG13_HUMAN,Q96PP4
INP4A_HUMAN,Q96PE3
SAM11_HUMAN,Q96NU1
ZMAT2_HUMAN,Q96NC0
JKIP1_HUMAN,Q96N16
WDR92_HUMAN,Q96MX6
TEAN2_HUMAN,Q96MN5
NSE3_HUMAN,Q96MG7
ZFR_HUMAN,Q96KR1
CNDP2_HUMAN,Q96KP4
EXOC2_HUMAN,Q96KP1
SCYL1_HUMAN,Q96KG9
S35E1_HUMAN,Q96K37
CHAP1_HUMAN,Q96JM3
TMX3_HUMAN,Q96JJ7
CK5P3_HUMAN,Q96JB5
THOC3_HUMAN,Q96J01
SPF45_HUMAN,Q96I25
PGAM5_HUMAN,Q96HS1
ERO1A_HUMAN,Q96HE7
ZCCHL_HUMAN,Q96H79
SMRD1_HUMAN,Q96GM5
RM48_HUMAN,Q96GC5
CERS2_HUMAN,Q96G23
THOC1_HUMAN,Q96FV9
CYFP2_HUMAN,Q96F07
PTCD3_HUMAN,Q96EY7
RM53_HUMAN,Q96EL3
RT24_HUMAN,Q96EL2
SEH1_HUMAN,Q96EE3
ERLEC_HUMAN,Q96DZ1
SNR40_HUMAN,Q96DI7
GCP3_HUMAN,Q96CW5
AP2M1_HUMAN,Q96CW1
CC124_HUMAN,Q96CT7
FAF2_HUMAN,Q96CS3
P5CR2_HUMAN,Q96C36
EFHD2_HUMAN,Q96C19
CHCH1_HUMAN,Q96BP2
E2F7_HUMAN,Q96AV8
MGN2_HUMAN,Q96A72
EXOC4_HUMAN,Q96A65
CCD47_HUMAN,Q96A33
PSMG2_HUMAN,Q969U7
SMCE1_HUMAN,Q969G3
KPBB_HUMAN,Q93100
AT2A3_HUMAN,Q93084
UBP7_HUMAN,Q93009
SMRD2_HUMAN,Q92925
SMRC1_HUMAN,Q92922
M4K1_HUMAN,Q92918
GSLG1_HUMAN,Q92896
UFD1_HUMAN,Q92890
ARHG1_HUMAN,Q92888
RAD50_HUMAN,Q92878
DDX17_HUMAN,Q92841
RBP56_HUMAN,Q92804
REQU_HUMAN,Q92785
HDAC2_HUMAN,Q92769
AN32B_HUMAN,Q92688
RT31_HUMAN,Q92665
PRP16_HUMAN,Q92620
HMHA1_HUMAN,Q92619
GCN1_HUMAN,Q92616
CNOT9_HUMAN,Q92600
SEPT8_HUMAN,Q92599
HS105_HUMAN,Q92598
NDRG1_HUMAN,Q92597
AP3S1_HUMAN,Q92572
RTF1_HUMAN,Q92541
DDX1_HUMAN,Q92499
TITIN_HUMAN,Q8WZ42
BRI3B_HUMAN,Q8WY22
P66B_HUMAN,Q8WXI9
MUC16_HUMAN,Q8WXI7
MADD_HUMAN,Q8WXG6
PRP31_HUMAN,Q8WWY3
ATX2L_HUMAN,Q8WWM7
CKAP2_HUMAN,Q8WWK9
LMO7_HUMAN,Q8WWI1
PCNP_HUMAN,Q8WW12
UBCP1_HUMAN,Q8WVY7
FACR1_HUMAN,Q8WVX9
SKA2_HUMAN,Q8WVK7
RN138_HUMAN,Q8WVD3
LEO1_HUMAN,Q8WVC0
BRK1_HUMAN,Q8WUW1
NU133_HUMAN,Q8WUM0
TGFA1_HUMAN,Q8WUH2
PPIL4_HUMAN,Q8WUA2
ABHD3_HUMAN,Q8WU67
MZB1_HUMAN,Q8WU39
IPO4_HUMAN,Q8TEX9
GEMI5_HUMAN,Q8TEQ6
PO210_HUMAN,Q8TEM1
DYH5_HUMAN,Q8TE73
RBCC1_HUMAN,Q8TDY2
PK1L1_HUMAN,Q8TDX9
NEK7_HUMAN,Q8TDX7
RNH2C_HUMAN,Q8TDP1
NEK9_HUMAN,Q8TD19
HM13_HUMAN,Q8TCT9
ZFAN1_HUMAN,Q8TCF1
TBC15_HUMAN,Q8TC07
FA76A_HUMAN,Q8TAV0
NPL4_HUMAN,Q8TAT6
SMRC2_HUMAN,Q8TAQ2
THOC2_HUMAN,Q8NI27
CDC26_HUMAN,Q8NHZ8
NEDD1_HUMAN,Q8NHV4
CEP70_HUMAN,Q8NHQ1
KNL1_HUMAN,Q8NG31
NEUA_HUMAN,Q8NFW8
BBS1_HUMAN,Q8NFJ9
NUP43_HUMAN,Q8NFH3
YI018_HUMAN,Q8NFD4
MYO3A_HUMAN,Q8NEV4
PSD4_HUMAN,Q8NDX1
RCBT1_HUMAN,Q8NDN9
MISSL_HUMAN,Q8NDC0
LS14A_HUMAN,Q8ND56
PAIRB_HUMAN,Q8NC51
ATAD1_HUMAN,Q8NBU5
SPC24_HUMAN,Q8NBT2
TXND5_HUMAN,Q8NBS9
SPAT5_HUMAN,Q8NB90
DTX3_HUMAN,Q8N9I9
RM43_HUMAN,Q8N983
GPT11_HUMAN,Q8N954
UBR7_HUMAN,Q8N806
EFHB_HUMAN,Q8N7U6
NANG2_HUMAN,Q8N7R0
TC1D1_HUMAN,Q8N7M0
EMC1_HUMAN,Q8N766
CPSF7_HUMAN,Q8N684
KCD17_HUMAN,Q8N5Z5
TAB3_HUMAN,Q8N5C8
CARME_HUMAN,Q8N4J0
STAG2_HUMAN,Q8N3U4
RBFA_HUMAN,Q8N0V3
CH059_HUMAN,Q8N0T1
WDR17_HUMAN,Q8IZU2
SELH_HUMAN,Q8IZQ5
A16A1_HUMAN,Q8IZ83
RCOR2_HUMAN,Q8IZ40
ERF3B_HUMAN,Q8IYD1
SRRM1_HUMAN,Q8IYB3
RAVR1_HUMAN,Q8IY67
F126B_HUMAN,Q8IXS8
NELFD_HUMAN,Q8IXH7
DJC10_HUMAN,Q8IXB1
SKA3_HUMAN,Q8IX90
DHX40_HUMAN,Q8IX18
CCAR1_HUMAN,Q8IX12
SUGP1_HUMAN,Q8IWZ8
CHERP_HUMAN,Q8IWX8
UBR1_HUMAN,Q8IWV7
Z3H7A_HUMAN,Q8IWR0
MGAP_HUMAN,Q8IWI9
MAPK5_HUMAN,Q8IW41
GID4_HUMAN,Q8IVV7
ARMC8_HUMAN,Q8IUR7
PRAG1_HUMAN,Q86YV5
P66A_HUMAN,Q86YP4
HOME1_HUMAN,Q86YM7
CNDG2_HUMAN,Q86XI2
AROS_HUMAN,Q86WX3
TAXB1_HUMAN,Q86VP1
THOC4_HUMAN,Q86V81
PABP2_HUMAN,Q86U42
DAAM2_HUMAN,Q86T65
GLRX5_HUMAN,Q86SX6
RM10_HUMAN,Q7Z7H8
TMED4_HUMAN,Q7Z7H5
RAB44_HUMAN,Q7Z6P3
RHG30_HUMAN,Q7Z6I6
WAPL_HUMAN,Q7Z5K2
HAUS6_HUMAN,Q7Z4H7
RM21_HUMAN,Q7Z2W9
ZCCHV_HUMAN,Q7Z2W4
PHF5A_HUMAN,Q7RTV0
ASCL5_HUMAN,Q7RTU5
MAEA_HUMAN,Q7L5Y9
CYFP1_HUMAN,Q7L576
MEPCE_HUMAN,Q7L2J0
CHST9_HUMAN,Q7L1S5
BZW1_HUMAN,Q7L1Q6
DDX46_HUMAN,Q7L014
COX15_HUMAN,Q7KZN9
MOB2_HUMAN,Q70IA6
VP13C_HUMAN,Q709C8
LIAT1_HUMAN,Q6ZQX7
RBP10_HUMAN,Q6VN20
WDR82_HUMAN,Q6UXN9
SBSN_HUMAN,Q6UWP8
FIP1_HUMAN,Q6UN15
AFTIN_HUMAN,Q6ULP2
C1TM_HUMAN,Q6UB35
LARP1_HUMAN,Q6PKG0
EMSA1_HUMAN,Q6PJG2
TRAT1_HUMAN,Q6PIZ9
TTC33_HUMAN,Q6PID6
MORN3_HUMAN,Q6PF18
CTR9_HUMAN,Q6PD62
PDXD1_HUMAN,Q6P996
ALKB5_HUMAN,Q6P6C2
SCYL2_HUMAN,Q6P3W7
PRP8_HUMAN,Q6P2Q9
EDC4_HUMAN,Q6P2E9
RM14_HUMAN,Q6P1L8
CDC73_HUMAN,Q6P1J9
RM54_HUMAN,Q6P161
TET2_HUMAN,Q6N021
CPZIP_HUMAN,Q6JBY9
CNDH2_HUMAN,Q6IBW4
TWF2_HUMAN,Q6IBS0
ELP2_HUMAN,Q6IA86
RL7L_HUMAN,Q6DKI1
ATLA3_HUMAN,Q6DD88
VIR_HUMAN,Q69YN4
HAUS3_HUMAN,Q68CZ6
WAC2A_HUMAN,Q641Q2
SAM13_HUMAN,Q5VXD3
RPRD2_HUMAN,Q5VT52
RIF1_HUMAN,Q5UIP0
CROCC_HUMAN,Q5TZA2
DCAF8_HUMAN,Q5TAQ9
ATD3B_HUMAN,Q5T9A4
RBM26_HUMAN,Q5T8P6
UBR4_HUMAN,Q5T4S7
HECD3_HUMAN,Q5T447
ZN362_HUMAN,Q5T0B9
LRRK2_HUMAN,Q5S007
CATL3_HUMAN,Q5NE16
IQEC2_HUMAN,Q5JU85
PREP_HUMAN,Q5JRX3
FA76B_HUMAN,Q5HYJ3
F133B_HUMAN,Q5BKY9
H90B4_HUMAN,Q58FF6
ACTBL_HUMAN,Q562R1
RHG15_HUMAN,Q53QZ3
P5CR3_HUMAN,Q53H96
SNUT2_HUMAN,Q53GS9
ARI4B_HUMAN,Q4LE39
ACSF3_HUMAN,Q4G176
LARP7_HUMAN,Q4G0J3
VP26B_HUMAN,Q4G0F5
ZBED5_HUMAN,Q49AG3
PTHB1_HUMAN,Q3SYG4
SMU1_HUMAN,Q2TAY7
ERC6L_HUMAN,Q2NKX8
SPKAP_HUMAN,Q2M3C7
HNRL2_HUMAN,Q1KMD3
MIC60_HUMAN,Q16891
F264_HUMAN,Q16877
F263_HUMAN,Q16875
UGPA_HUMAN,Q16851
CLPP_HUMAN,Q16740
NFIL3_HUMAN,Q16649
DREB_HUMAN,Q16643
CPSF6_HUMAN,Q16630
SRSF7_HUMAN,Q16629
RBBP7_HUMAN,Q16576
CDC37_HUMAN,Q16543
CCDC6_HUMAN,Q16204
RB11B_HUMAN,Q15907
UB2V2_HUMAN,Q15819
MSMO1_HUMAN,Q15800
CH3L2_HUMAN,Q15782
MLF2_HUMAN,Q15773
AAAT_HUMAN,Q15758
TAB1_HUMAN,Q15750
PCH2_HUMAN,Q15645
TRIPB_HUMAN,Q15643
SF01_HUMAN,Q15637
MARE2_HUMAN,Q15555
SF3A1_HUMAN,Q15459
SC23B_HUMAN,Q15437
PP1R7_HUMAN,Q15435
SF3A2_HUMAN,Q15428
SF3B4_HUMAN,Q15427
SF3B3_HUMAN,Q15393
STK38_HUMAN,Q15208
PLEC_HUMAN,Q15149
EBP_HUMAN,Q15125
PA1B3_HUMAN,Q15102
ACOX1_HUMAN,Q15067
KIF14_HUMAN,Q15058
ACAP2_HUMAN,Q15057
IF4H_HUMAN,Q15056
SYK_HUMAN,Q15046
U5S1_HUMAN,Q15029
ACAP1_HUMAN,Q15027
SART3_HUMAN,Q15020
PSMD6_HUMAN,Q15008
FL2D_HUMAN,Q15007
EMC2_HUMAN,Q15006
GOGB1_HUMAN,Q14789
PTCA_HUMAN,Q14761
BMS1_HUMAN,Q14692
SMC1A_HUMAN,Q14683
ITPR2_HUMAN,Q14571
HLTF_HUMAN,Q14527
RBM39_HUMAN,Q14498
FRG1_HUMAN,Q14331
FA50A_HUMAN,Q14320
FLNC_HUMAN,Q14315
TRI25_HUMAN,Q14258
FLOT2_HUMAN,Q14254
DCTN1_HUMAN,Q14203
TTL12_HUMAN,Q14166
GIT2_HUMAN,Q14161
UBP2L_HUMAN,Q14157
EIF3A_HUMAN,Q14152
COX17_HUMAN,Q14061
COTL1_HUMAN,Q14019
CKAP5_HUMAN,Q14008
DX39B_HUMAN,Q13838
SPTN1_HUMAN,Q13813
CUL3_HUMAN,Q13618
MTMR1_HUMAN,Q13613
SNX1_HUMAN,Q13596
IQGA2_HUMAN,Q13576
SNW1_HUMAN,Q13573
DCTN2_HUMAN,Q13561
HDAC1_HUMAN,Q13547
TBB3_HUMAN,Q13509
ROCK1_HUMAN,Q13464
FKBP5_HUMAN,Q13451
SF3B2_HUMAN,Q13435
DC1I2_HUMAN,Q13409
RM49_HUMAN,Q13405
UB2V1_HUMAN,Q13404
EIF3I_HUMAN,Q13347
MTA1_HUMAN,Q13330
KCAB2_HUMAN,Q13303
TIF1B_HUMAN,Q13263
SRSF6_HUMAN,Q13247
CBX3_HUMAN,Q13185
PAK2_HUMAN,Q13177
ROA0_HUMAN,Q13151
LIPA1_HUMAN,Q13136
AAPK1_HUMAN,Q13131
RED_HUMAN,Q13123
ACACA_HUMAN,Q13085
FLII_HUMAN,Q13045
CDC16_HUMAN,Q13042
STRN3_HUMAN,Q13033
ECH1_HUMAN,Q13011
CSTF3_HUMAN,Q12996
TAF10_HUMAN,Q12962
TRAP1_HUMAN,Q12931
ILF3_HUMAN,Q12906
ILF2_HUMAN,Q12905
AIMP1_HUMAN,Q12904
SF3A3_HUMAN,Q12874
CDC20_HUMAN,Q12834
SNF5_HUMAN,Q12824
NU160_HUMAN,Q12769
WASC5_HUMAN,Q12768
CPSF1_HUMAN,Q10570
CGNL1_HUMAN,Q0VF96
EP300_HUMAN,Q09472
NCBP1_HUMAN,Q09161
RBBP4_HUMAN,Q09028
NSUN2_HUMAN,Q08J23
CD47_HUMAN,Q08722
GOGA3_HUMAN,Q08378
DHX9_HUMAN,Q08211
SRSF1_HUMAN,Q07955
C1QBP_HUMAN,Q07021
RL18_HUMAN,Q07020
PRDX1_HUMAN,Q06830
EXOS9_HUMAN,Q06265
GFPT1_HUMAN,Q06210
SRS11_HUMAN,Q05519
CSTF1_HUMAN,Q05048
IF4G1_HUMAN,Q04637
GLGB_HUMAN,Q04446
PTPS_HUMAN,Q03393
DYST_HUMAN,Q03001
RL6_HUMAN,Q02878
MP2K1_HUMAN,Q02750
RL18A_HUMAN,Q02543
CENPE_HUMAN,Q02224
EWS_HUMAN,Q01844
OTUD4_HUMAN,Q01804
LAT1_HUMAN,Q01650
FABP5_HUMAN,Q01469
AMPD2_HUMAN,Q01433
SPTB2_HUMAN,Q01082
HNRPU_HUMAN,Q00839
DHSO_HUMAN,Q00796
CLH1_HUMAN,Q00610
PURA_HUMAN,Q00577
TF2B_HUMAN,Q00403
TFAM_HUMAN,Q00059
EM55_HUMAN,Q00013
RBM3_HUMAN,P98179
RBM10_HUMAN,P98175
RHOG_HUMAN,P84095
ERH_HUMAN,P84090
ARF5_HUMAN,P84085
LSM11_HUMAN,P83369
SARNP_HUMAN,P82979
RT06_HUMAN,P82932
RT34_HUMAN,P82930
RT21_HUMAN,P82921
RT11_HUMAN,P82912
RT05_HUMAN,P82675
RT22_HUMAN,P82650
SSBP2_HUMAN,P81877
DCD_HUMAN,P81605
NUCB2_HUMAN,P80303
MAP1A_HUMAN,P78559
GSTO1_HUMAN,P78417
RAE1L_HUMAN,P78406
TCPB_HUMAN,P78371
PI42B_HUMAN,P78356
GTF2I_HUMAN,P78347
IF4G2_HUMAN,P78344
RBM6_HUMAN,P78332
IGBP1_HUMAN,P78318
NOP14_HUMAN,P78316
HBA_HUMAN,P69905
PA1B2_HUMAN,P68402
UB2L3_HUMAN,P68036
CSK2B_HUMAN,P67870
SC11A_HUMAN,P67812
YBOX1_HUMAN,P67809
GBG5_HUMAN,P63218
RL38_HUMAN,P63173
SUMO1_HUMAN,P63165
2ABA_HUMAN,P63151
RAC1_HUMAN,P63000
RL8_HUMAN,P62917
RL11_HUMAN,P62913
RL10A_HUMAN,P62906
RL31_HUMAN,P62899
RS30_HUMAN,P62861
RS28_HUMAN,P62857
RL23_HUMAN,P62829
RAN_HUMAN,P62826
H4_HUMAN,P62805
RL23A_HUMAN,P62750
CNBP_HUMAN,P62633
ERF1_HUMAN,P62495
RPB7_HUMAN,P62487
RL7A_HUMAN,P62424
SMD3_HUMAN,P62318
SMD2_HUMAN,P62316
SMD1_HUMAN,P62314
LSM6_HUMAN,P62312
LSM3_HUMAN,P62310
RUXE_HUMAN,P62304
RS11_HUMAN,P62280
RS13_HUMAN,P62277
RS18_HUMAN,P62269
RS15A_HUMAN,P62244
RS8_HUMAN,P62241
PRS8_HUMAN,P62195
PP1B_HUMAN,P62140
PP1A_HUMAN,P62136
RS7_HUMAN,P62081
HNRPK_HUMAN,P61978
WDR5_HUMAN,P61964
COPZ1_HUMAN,P61923
DAD1_HUMAN,P61803
S61A1_HUMAN,P61619
RHOA_HUMAN,P61586
RL37A_HUMAN,P61513
RL15_HUMAN,P61313
RS3A_HUMAN,P61247
RAP1B_HUMAN,P61224
ABCE1_HUMAN,P61221
TM258_HUMAN,P61165
RAB14_HUMAN,P61106
UBE2N_HUMAN,P61088
RAB10_HUMAN,P61026
CKS1_HUMAN,P61024
RAB2A_HUMAN,P61019
SPCS3_HUMAN,P61009
RAB8A_HUMAN,P61006
DEST_HUMAN,P60981
CDC42_HUMAN,P60953
PRPS1_HUMAN,P60891
RS20_HUMAN,P60866
MYL6_HUMAN,P60660
GBRL2_HUMAN,P60520
NU107_HUMAN,P57740
PCBP3_HUMAN,P57721
STX17_HUMAN,P56962
NDUA6_HUMAN,P56556
ATP5I_HUMAN,P56385
SYMC_HUMAN,P56192
BID_HUMAN,P55957
EIF3B_HUMAN,P55884
SCOT1_HUMAN,P55809
NH2L1_HUMAN,P55769
CASP6_HUMAN,P55212
NCKPL_HUMAN,P55160
MANF_HUMAN,P55145
MFAP1_HUMAN,P55081
TERA_HUMAN,P55072
P5CS_HUMAN,P54886
RD23B_HUMAN,P54727
AT1B3_HUMAN,P54709
AAKG1_HUMAN,P54619
UBP14_HUMAN,P54578
SYYC_HUMAN,P54577
SYRC_HUMAN,P54136
ICLN_HUMAN,P54105
TCP4_HUMAN,P53999
SC24C_HUMAN,P53992
RPAB4_HUMAN,P53803
AP2S1_HUMAN,P53680
CATC_HUMAN,P53634
COPA_HUMAN,P53621
PLK1_HUMAN,P53350
PPP5_HUMAN,P53041
BIEA_HUMAN,P53004
NUP98_HUMAN,P52948
CAZA1_HUMAN,P52907
RM12_HUMAN,P52815
HXK2_HUMAN,P52789
KIF11_HUMAN,P52732
RPAB3_HUMAN,P52434
GDS1_HUMAN,P52306
ROA3_HUMAN,P51991
BRCA2_HUMAN,P51587
SMCA4_HUMAN,P51532
FXR1_HUMAN,P51114
ANX11_HUMAN,P50995
TCPD_HUMAN,P50991
TCPQ_HUMAN,P50990
RL14_HUMAN,P50914
DYN2_HUMAN,P50570
PEX5_HUMAN,P50542
SERPH_HUMAN,P50454
IDH3A_HUMAN,P50213
MRE11_HUMAN,P49959
GUAA_HUMAN,P49915
GSK3B_HUMAN,P49841
NDUV1_HUMAN,P49821
TSC2_HUMAN,P49815
RBM25_HUMAN,P49756
VPS41_HUMAN,P49754
YLPM1_HUMAN,P49750
SYCC_HUMAN,P49589
SYAC_HUMAN,P49588
EFTU_HUMAN,P49411
TCPG_HUMAN,P49368
NASP_HUMAN,P49321
TCPE_HUMAN,P48643
GSH0_HUMAN,P48507
ERG7_HUMAN,P48449
PI42A_HUMAN,P48426
SYQ_HUMAN,P47897
CAPZB_HUMAN,P47756
RS5_HUMAN,P46782
RS9_HUMAN,P46781
RL28_HUMAN,P46779
RL21_HUMAN,P46778
RL27A_HUMAN,P46776
BRCC3_HUMAN,P46736
NSF_HUMAN,P46459
CRKL_HUMAN,P46109
RECQ1_HUMAN,P46063
KPB2_HUMAN,P46019
UBP5_HUMAN,P45974
NAMPT_HUMAN,P43490
MAGA9_HUMAN,P43362
LIS1_HUMAN,P43034
CNDD3_HUMAN,P42695
CASP3_HUMAN,P42574
SK2L2_HUMAN,P42285
LAP2B_HUMAN,P42167
LAP2A_HUMAN,P42166
ACTY_HUMAN,P42025
KPCI_HUMAN,P41743
SYIC_HUMAN,P41252
NAA10_HUMAN,P41227
BUD31_HUMAN,P41223
CETN2_HUMAN,P41208
IF2G_HUMAN,P41091
ECHA_HUMAN,P40939
MDHC_HUMAN,P40925
ARL1_HUMAN,P40616
TCPZ_HUMAN,P40227
CAPG_HUMAN,P40121
FEN1_HUMAN,P39748
AN32A_HUMAN,P39687
RL3_HUMAN,P39023
RS19_HUMAN,P39019
IF4A3_HUMAN,P38919
GRP75_HUMAN,P38646
HPCL1_HUMAN,P37235
NUP62_HUMAN,P37198
SRP14_HUMAN,P37108
ODO2_HUMAN,P36957
RPB9_HUMAN,P36954
PGM1_HUMAN,P36871
8ODP_HUMAN,P36639
RL4_HUMAN,P36578
ATPG_HUMAN,P36542
PRS7_HUMAN,P35998
VGFR3_HUMAN,P35916
K22E_HUMAN,P35908
GLRX1_HUMAN,P35754
DEK_HUMAN,P35659
FUS_HUMAN,P35637
BASI_HUMAN,P35613
SOAT1_HUMAN,P35610
COPB2_HUMAN,P35606
MYH9_HUMAN,P35579
GDE_HUMAN,P35573
K1C9_HUMAN,P35527
RL22_HUMAN,P35268
RFC1_HUMAN,P35251
RFC2_HUMAN,P35250
PHB_HUMAN,P35232
PROF2_HUMAN,P35080
TRY3_HUMAN,P35030
HS71L_HUMAN,P34931
MCM5_HUMAN,P33992
MCM4_HUMAN,P33991
CSTF2_HUMAN,P33240
KINH_HUMAN,P33176
1433S_HUMAN,P31947
HNRH1_HUMAN,P31943
HNRH3_HUMAN,P31942
TIA1_HUMAN,P31483
GDIA_HUMAN,P31150
SORCN_HUMAN,P30626
PUR8_HUMAN,P30566
HMOX2_HUMAN,P30519
CDC27_HUMAN,P30260
2AAB_HUMAN,P30154
ECHM_HUMAN,P30084
ERP29_HUMAN,P30040
EF1D_HUMAN,P29692
TPP2_HUMAN,P29144
CD38_HUMAN,P28907
AMPL_HUMAN,P28838
MK01_HUMAN,P28482
DPOD1_HUMAN,P28340
NDUS1_HUMAN,P28331
CALX_HUMAN,P27824
CALR_HUMAN,P27797
DCK_HUMAN,P27707
RL10_HUMAN,P27635
FKBP2_HUMAN,P26885
SYVC_HUMAN,P26640
SYTC_HUMAN,P26639
PTBP1_HUMAN,P26599
RL13_HUMAN,P26373
U2AF2_HUMAN,P26368
DNMT1_HUMAN,P26358
ATPA_HUMAN,P25705
TYY1_HUMAN,P25490
RS12_HUMAN,P25398
MCM3_HUMAN,P25205
THIL_HUMAN,P24752
AT5F1_HUMAN,P24539
EF1B_HUMAN,P24534
RIR1_HUMAN,P23921
IF4B_HUMAN,P23588
RS3_HUMAN,P23396
MAOM_HUMAN,P23368
PPIB_HUMAN,P23284
TCEA1_HUMAN,P23193
HEMH_HUMAN,P22830
CBL_HUMAN,P22681
RFX1_HUMAN,P22670
ROA2_HUMAN,P22626
KAPCG_HUMAN,P22612
NDKB_HUMAN,P22392
NLTP_HUMAN,P22307
PUR2_HUMAN,P22102
RS4Y1_HUMAN,P22090
PIMT_HUMAN,P22061
VDAC1_HUMAN,P21796
FLNA_HUMAN,P21333
CSRP1_HUMAN,P21291
VATB2_HUMAN,P21281
GSTM3_HUMAN,P21266
CD3Z_HUMAN,P20963
COX5A_HUMAN,P20674
BTF3_HUMAN,P20290
ANXA7_HUMAN,P20073
AOC1_HUMAN,P19801
CSK22_HUMAN,P19784
SPEE_HUMAN,P19623
RO52_HUMAN,P19474
NDUV2_HUMAN,P19404
HXK1_HUMAN,P19367
PLCG1_HUMAN,P19174
RCC1_HUMAN,P18754
NELFE_HUMAN,P18615
RL7_HUMAN,P18124
ARF4_HUMAN,P18085
TCPA_HUMAN,P17987
PRS6A_HUMAN,P17980
PFKAL_HUMAN,P17858
PYRG1_HUMAN,P17812
PTN2_HUMAN,P17706
NDUB7_HUMAN,P17568
TAL1_HUMAN,P17542
HSP76_HUMAN,P17066
ZNF24_HUMAN,P17028
YBOX3_HUMAN,P16989
AT2A2_HUMAN,P16615
MGMT_HUMAN,P16455
H12_HUMAN,P16403
H13_HUMAN,P16402
CREB1_HUMAN,P16220
LEUK_HUMAN,P16150
RS2_HUMAN,P15880
UCHL3_HUMAN,P15374
ERF3A_HUMAN,P15170
ALDR_HUMAN,P15121
GLNA_HUMAN,P15104
SYDC_HUMAN,P14868
HNRPL_HUMAN,P14866
CX6B1_HUMAN,P14854
IDE_HUMAN,P14735
MYL6B_HUMAN,P14649
AK1A1_HUMAN,P14550
CX7A2_HUMAN,P14406
CD99_HUMAN,P14209
T2FB_HUMAN,P13984
ETFA_HUMAN,P13804
ACPH_HUMAN,P13798
PLST_HUMAN,P13797
TCTP_HUMAN,P13693
ICAM2_HUMAN,P13598
RINI_HUMAN,P13489
ACTN1_HUMAN,P12814
ODBA_HUMAN,P12694
ADT1_HUMAN,P12235
SYHC_HUMAN,P12081
PRPS2_HUMAN,P11908
MPRI_HUMAN,P11717
G6PD_HUMAN,P11413
TOP1_HUMAN,P11387
ACADM_HUMAN,P11310
RALA_HUMAN,P11233
ODPB_HUMAN,P11177
UMPS_HUMAN,P11172
41_HUMAN,P11171
GTR1_HUMAN,P11166
HSP7C_HUMAN,P11142
CH60_HUMAN,P10809
ESTD_HUMAN,P10768
THIO_HUMAN,P10599
PTPRF_HUMAN,P10586
H14_HUMAN,P10412
MYB_HUMAN,P10242
RO60_HUMAN,P10155
CISD3_HUMAN,P0C7P0
LKHA4_HUMAN,P09960
RU2A_HUMAN,P09661
ROA1_HUMAN,P09651
CN37_HUMAN,P09543
SRP19_HUMAN,P09132
ENOG_HUMAN,P09104
SNRPA_HUMAN,P09012
ANXA5_HUMAN,P08758
RS17_HUMAN,P08708
VIME_HUMAN,P08670
RU2B_HUMAN,P08579
HS90B_HUMAN,P08238
SP1_HUMAN,P08047
HNRPC_HUMAN,P07910
SYEP_HUMAN,P07814
APT_HUMAN,P07741
ANXA2_HUMAN,P07355
CATD_HUMAN,P07339
ACBP_HUMAN,P07108
NPM_HUMAN,P06748
ATPB_HUMAN,P06576
CDK1_HUMAN,P06493
RB_HUMAN,P06400
KPCB_HUMAN,P05771
RLA0_HUMAN,P05388
RLA1_HUMAN,P05386
S10A8_HUMAN,P05109
GNAI2_HUMAN,P04899
CPNS1_HUMAN,P04632
1A03_HUMAN,P04439
TBB4A_HUMAN,P04350
VWF_HUMAN,P04275
K2C1_HUMAN,P04264
HG2A_HUMAN,P04233
CYTB_HUMAN,P04080
ATP8_HUMAN,P03928
NU4M_HUMAN,P03905
TFR1_HUMAN,P02786
TVB1_HUMAN,P01733
ATP6_HUMAN,P00846
GSHR_HUMAN,P00390
NB5R3_HUMAN,P00387
ACL6A_HUMAN,O96019
TOM40_HUMAN,O96008
NDUBA_HUMAN,O96000
MBD3_HUMAN,O95983
TXD12_HUMAN,O95881
FADS2_HUMAN,O95864
M4K4_HUMAN,O95819
BAG2_HUMAN,O95816
NDST3_HUMAN,O95803
LSM8_HUMAN,O95777
HS74L_HUMAN,O95757
CPSF4_HUMAN,O95639
YETS4_HUMAN,O95619
PSMG1_HUMAN,O95456
AHSA1_HUMAN,O95433
SMC2_HUMAN,O95347
6PGL_HUMAN,O95336
CELF2_HUMAN,O95319
NDUAA_HUMAN,O95299
SNAPN_HUMAN,O95295
VAPB_HUMAN,O95292
EPM2A_HUMAN,O95278
LC7L3_HUMAN,O95232
ZWINT_HUMAN,O95229
ZRAB2_HUMAN,O95218
NDUB4_HUMAN,O95168
ELP1_HUMAN,O95163
UBR5_HUMAN,O95071
HEXI1_HUMAN,O94992
AP2A2_HUMAN,O94973
FBX21_HUMAN,O94952
HAUS5_HUMAN,O94927
GLSK_HUMAN,O94925
FRYL_HUMAN,O94915
PRP6_HUMAN,O94906
PLPHP_HUMAN,O94903
UFL1_HUMAN,O94874
TOX4_HUMAN,O94842
MTA2_HUMAN,O94776
ST17B_HUMAN,O94768
RMP_HUMAN,O94763
SRP72_HUMAN,O76094
CIAO1_HUMAN,O76071
GLRX3_HUMAN,O76003
SASH3_HUMAN,O75995
ATP5H_HUMAN,O75947
DNJC8_HUMAN,O75937
SPF27_HUMAN,O75934
CCNK_HUMAN,O75909
FACE1_HUMAN,O75844
EIF3J_HUMAN,O75822
EIF3G_HUMAN,O75821
CMC1_HUMAN,O75746
PPM1B_HUMAN,O75688
U520_HUMAN,O75643
NPM3_HUMAN,O75607
KBL_HUMAN,O75600
CSDE1_HUMAN,O75534
SF3B1_HUMAN,O75533
ECI2_HUMAN,O75521
HSBP1_HUMAN,O75506
NDUS3_HUMAN,O75489
NDUB1_HUMAN,O75438
PR40A_HUMAN,O75400
SC22B_HUMAN,O75396
RM33_HUMAN,O75394
NDUS6_HUMAN,O75380
FLNB_HUMAN,O75369
H2AY_HUMAN,O75367
MPU1_HUMAN,O75352
VPS4B_HUMAN,O75351
PDCD6_HUMAN,O75340
NDUS2_HUMAN,O75306
NDUS7_HUMAN,O75251
DNJB6_HUMAN,O75190
DJC13_HUMAN,O75165
BRE1B_HUMAN,O75150
CPNE3_HUMAN,O75131
CLAP2_HUMAN,O75122
WDR1_HUMAN,O75083
PFD1_HUMAN,O60925
IF2P_HUMAN,O60841
RT14_HUMAN,O60783
USO1_HUMAN,O60763
PLIN3_HUMAN,O60664
CCNT2_HUMAN,O60583
IF4E2_HUMAN,O60573
CCNT1_HUMAN,O60563
GMDS_HUMAN,O60547
HNRPQ_HUMAN,O60506
AQR_HUMAN,O60306
JIP4_HUMAN,O60271
KPRB_HUMAN,O60256
BNI3L_HUMAN,O60238
GMFG_HUMAN,O60234
SSA27_HUMAN,O60232
NDUS5_HUMAN,O43920
SAHH2_HUMAN,O43865
NRDC_HUMAN,O43847
ZBT14_HUMAN,O43829
STRN_HUMAN,O43815
CPSF5_HUMAN,O43809
SYNC_HUMAN,O43776
SGTA_HUMAN,O43765
STX6_HUMAN,O43752
HTSF1_HUMAN,O43719
BUD23_HUMAN,O43709
BUB1_HUMAN,O43683
ZN207_HUMAN,O43670
PLRG1_HUMAN,O43660
XPOT_HUMAN,O43592
DENR_HUMAN,O43583
PPIH_HUMAN,O43447
TBX1_HUMAN,O43435
TPD54_HUMAN,O43399
TXNL1_HUMAN,O43396
PRPF3_HUMAN,O43395
HNRPR_HUMAN,O43390
M3K7_HUMAN,O43318
ZW10_HUMAN,O43264
PAPS1_HUMAN,O43252
DC1L2_HUMAN,O43237
MSH5_HUMAN,O43196
NDUS4_HUMAN,O43181
PRP4_HUMAN,O43172
PJA2_HUMAN,O43164
MCES_HUMAN,O43148
DHX15_HUMAN,O43143
ARPC5_HUMAN,O15511
IPO8_HUMAN,O15397
EIF3D_HUMAN,O15371
PPM1G_HUMAN,O15355
HMGB3_HUMAN,O15347
OGT1_HUMAN,O15294
SPTC1_HUMAN,O15269
NDUA1_HUMAN,O15239
RT12_HUMAN,O15235
PFD6_HUMAN,O15212
RPAC1_HUMAN,O15160
ARPC3_HUMAN,O15145
ANR28_HUMAN,O15084
ZBT39_HUMAN,O15060
SR140_HUMAN,O15042
QCR8_HUMAN,O14949
MGST3_HUMAN,O14880
TR13B_HUMAN,O14836
SCAM3_HUMAN,O14828
ANM5_HUMAN,O14744
PDCD5_HUMAN,O14737
ABLM1_HUMAN,O14639
ACPM_HUMAN,O14561
TXND9_HUMAN,O14530
ARI1A_HUMAN,O14497
DDX3X_HUMAN,O00571
PSDE_HUMAN,O00487
ELL2_HUMAN,O00472
EIF3F_HUMAN,O00303
DFFA_HUMAN,O00273
SPT5H_HUMAN,O00267
PGRC1_HUMAN,O00264
PSD11_HUMAN,O00231
SMAP_HUMAN,O00193
PDLI1_HUMAN,O00151
KIF2A_HUMAN,O00139
envpolyprotein,O12164
MCRI1_HUMAN,C9JLW8
MYO1G_HUMAN,B0I1T2
RGPD3_HUMAN,A6NKT7
SMHD1_HUMAN,A6NHR9
TBAL3_HUMAN,A6NHL2
ANR62_HUMAN,A6NC57
XIRP2_HUMAN,A4UGR9
NBAS_HUMAN,A2RRP1
ASB1_HUMAN,Q9Y576
ASB3_HUMAN,Q9Y575
CSN7A_HUMAN,Q9UBW8
APC11_HUMAN,Q9NYG5
ASB6_HUMAN,Q9NWX5
PCMD2_HUMAN,Q9NV79
TULP4_HUMAN,Q9NRJ4
ASB8_HUMAN,Q9H765
ASB7_HUMAN,Q9H672
RB40C_HUMAN,Q96S21
PCMD1_HUMAN,Q96MG8
DCNL1_HUMAN,Q96GG9
ASB13_HUMAN,Q8WXK3
SOCS4_HUMAN,Q8WXH5
KAT3_HUMAN,Q6YP21
SPSB3_HUMAN,Q6PJ21
LRC41_HUMAN,Q15345
SOCS6_HUMAN,O14544
SOCS7_HUMAN,O14512
SOCS2_HUMAN,O14508
DCNL5_HUMAN,Q9BTE7
SPSB2_HUMAN,Q99619
KLDC1_HUMAN,Q8N7A1
LRC28_HUMAN,Q86X40
DCNL3_HUMAN,Q8IWE4
MYL4_HUMAN,P12829
LRC58_HUMAN,Q96CX6
MRP1_HUMAN,P33527
ARI2_HUMAN,O95376
CISH_HUMAN,Q9NSE2
DJC11_HUMAN,Q9NVH1
PSA_HUMAN,P55786
RAB18_HUMAN,Q9NP72
GOLP3_HUMAN,Q9H4A6
ECSIT_HUMAN,Q9BQ95
SYNE2_HUMAN,Q8WXH0
MIRO1_HUMAN,Q8IXI2
TM9S3_HUMAN,Q9HD45
KPRP_HUMAN,Q5T749
WSB1_HUMAN,Q9Y6I7
DESP_HUMAN,P15924
ACSL3_HUMAN,O95573
S12A7_HUMAN,Q9Y666
HOOK3_HUMAN,Q86VS8
FNTA_HUMAN,P49354
PLAK_HUMAN,P14923
VWA8_HUMAN,A3KMH1
ELP3_HUMAN,Q9H9T3
UBXN4_HUMAN,Q92575
TNPO3_HUMAN,Q9Y5L0
EMC3_HUMAN,Q9P0I2
ABI2_HUMAN,Q9NYB9
VP37B_HUMAN,Q9H9H4
WDR11_HUMAN,Q9BZH6
SPA5L_HUMAN,Q9BVQ7
MMS19_HUMAN,Q96T76
MCCA_HUMAN,Q96RQ3
VPS50_HUMAN,Q96JG6
TOM6_HUMAN,Q96B49
TBCD5_HUMAN,Q92609
CSN9_HUMAN,Q8WXC6
PNPT1_HUMAN,Q8TCS8
DDHD1_HUMAN,Q8NEL9
CMTR1_HUMAN,Q8N1G2
VPS52_HUMAN,Q8N1B4
UBR2_HUMAN,Q8IWV8
BCL7A_HUMAN,Q4VC05
GAPD1_HUMAN,Q14C86
UBP10_HUMAN,Q14694
PRDX4_HUMAN,Q13162
BCAT1_HUMAN,P54687
FNTB_HUMAN,P49356
TXLNA_HUMAN,P40222
MYL3_HUMAN,P08590
GOSR1_HUMAN,O95249
SPCS2_HUMAN,Q15005
CASP_HUMAN,Q13948
CASC4_HUMAN,Q6P4E1
RPC8_HUMAN,Q9Y535
RPAC2_HUMAN,Q9Y2S0
CS025_HUMAN,Q9UFG5
DDX24_HUMAN,Q9GZR7
NDUF3_HUMAN,Q9BU61
DUS3L_HUMAN,Q96G46
EMC8_HUMAN,O43402
CHK1_HUMAN,O14757
TS101_HUMAN,Q99816
RP9_HUMAN,Q8TA86
ENSA_HUMAN,O43768
P4R3A_HUMAN,Q6IN85
RL36A_HUMAN,P83881
PKHF2_HUMAN,Q9H8W4
ABI1_HUMAN,Q8IZP0
CALL5_HUMAN,Q9NZT1
RM09_HUMAN,Q9BYD2
ZC3H4_HUMAN,Q9UPT8
MED17_HUMAN,Q9NVC6
RM41_HUMAN,Q8IXM3
NFXL1_HUMAN,Q6ZNB6
NOLC1_HUMAN,Q14978
GBB2_HUMAN,P62879
MRRP1_HUMAN,Q7L0Y3
SRPK2_HUMAN,P78362
VPS28_HUMAN,Q9UK41
NUDT5_HUMAN,Q9UKK9
PCGF6_HUMAN,Q9BYE7
SMC5_HUMAN,Q8IY18
OPA1_HUMAN,O60313
RER1_HUMAN,O15258
RPC1_HUMAN,O14802
ZC3H8_HUMAN,Q8N5P1
MMGT1_HUMAN,Q8N4V1
UBE3A_HUMAN,Q05086
STX18_HUMAN,Q9P2W9
VATE1_HUMAN,P36543
IMA3_HUMAN,O00629
PGPI_HUMAN,Q9NXJ5
DHX36_HUMAN,Q9H2U1
DSRAD_HUMAN,P55265
RM47_HUMAN,Q9HD33
TUT7_HUMAN,Q5VYS8
KCTD2_HUMAN,Q14681
THOC5_HUMAN,Q13769
AP3B1_HUMAN,O00203
FHL1_HUMAN,Q13642
PRC2A_HUMAN,P48634
TRA2B_HUMAN,P62995
IF1AX_HUMAN,P47813
HOME2_HUMAN,Q9NSB8
GYS1_HUMAN,P13807
RM01_HUMAN,Q9BYD6
CEPT1_HUMAN,Q9Y6K0
CHCH2_HUMAN,Q9Y6H1
SERC_HUMAN,Q9Y617
SNX5_HUMAN,Q9Y5X3
SNX9_HUMAN,Q9Y5X1
MRCKB_HUMAN,Q9Y5S2
TIM13_HUMAN,Q9Y5L4
WAC2C_HUMAN,Q9Y4E1
TMED3_HUMAN,Q9Y3Q3
RBGP1_HUMAN,Q9Y3P9
PTH2_HUMAN,Q9Y3E5
CIA30_HUMAN,Q9Y375
RCL1_HUMAN,Q9Y2P8
AKAP2_HUMAN,Q9Y2D5
EXOG_HUMAN,Q9Y2C4
TPPC4_HUMAN,Q9Y296
BCS1_HUMAN,Q9Y276
GLCNE_HUMAN,Q9Y223
PPIE_HUMAN,Q9UNP9
APC10_HUMAN,Q9UM13
CNO11_HUMAN,Q9UKZ1
FBX5_HUMAN,Q9UKT4
RALY_HUMAN,Q9UKM9
VPS51_HUMAN,Q9UID3
GPN3_HUMAN,Q9UHW5
LIMA1_HUMAN,Q9UHB6
LRWD1_HUMAN,Q9UFC0
LHX3_HUMAN,Q9UBR4
SAE1_HUMAN,Q9UBE0
ORC3_HUMAN,Q9UBD5
CING_HUMAN,Q9P2M7
RM27_HUMAN,Q9P0M9
RM15_HUMAN,Q9P015
MYOF_HUMAN,Q9NZM1
DYH9_HUMAN,Q9NYC9
NSE4A_HUMAN,Q9NXX6
RM22_HUMAN,Q9NWU5
PNPO_HUMAN,Q9NVS9
ASF1B_HUMAN,Q9NVP2
DDX18_HUMAN,Q9NVP1
KLC4_HUMAN,Q9NSK0
LANC2_HUMAN,Q9NS86
RM17_HUMAN,Q9NRX2
VPS45_HUMAN,Q9NRW7
OSTC_HUMAN,Q9NRP0
ABCBA_HUMAN,Q9NRK6
EXOS3_HUMAN,Q9NQT5
RM40_HUMAN,Q9NQ50
ENY2_HUMAN,Q9NPA8
EMC7_HUMAN,Q9NPA0
RT30_HUMAN,Q9NP92
PREB_HUMAN,Q9HCU5
GLOD4_HUMAN,Q9HC38
PLRKT_HUMAN,Q9HBL7
NJMU_HUMAN,Q9HAS0
AGO3_HUMAN,Q9H9G7
DCTP1_HUMAN,Q9H773
HAUS4_HUMAN,Q9H6D7
IF3M_HUMAN,Q9H2K0
ISCU_HUMAN,Q9H1K1
RM18_HUMAN,Q9H0U6
RGAP1_HUMAN,Q9H0H5
UBA5_HUMAN,Q9GZZ9
F192A_HUMAN,Q9GZU8
SLIRP_HUMAN,Q9GZT3
DERL2_HUMAN,Q9GZP9
PITH1_HUMAN,Q9GZP4
LNP_HUMAN,Q9C0E8
UBE2O_HUMAN,Q9C0C9
UCK2_HUMAN,Q9BZX2
HYCCI_HUMAN,Q9BYI3
RM13_HUMAN,Q9BYD1
RM20_HUMAN,Q9BYC9
RM32_HUMAN,Q9BYC8
GON7_HUMAN,Q9BXV9
HIG2A_HUMAN,Q9BW72
CINP_HUMAN,Q9BW66
RIOK2_HUMAN,Q9BVS4
GNL3_HUMAN,Q9BVP2
THUM3_HUMAN,Q9BV44
TBB6_HUMAN,Q9BUF5
AN32E_HUMAN,Q9BTT0
INP5K_HUMAN,Q9BT40
ALG1_HUMAN,Q9BT22
WDR83_HUMAN,Q9BRX9
RM45_HUMAN,Q9BRJ2
MBB1A_HUMAN,Q9BQG0
CMS1_HUMAN,Q9BQ75
RING2_HUMAN,Q99496
PURB_HUMAN,Q96QR8
ACAP3_HUMAN,Q96P50
ZN830_HUMAN,Q96NB3
CA147_HUMAN,Q96MC9
TOPK_HUMAN,Q96KB5
ZN521_HUMAN,Q96K83
FEM1C_HUMAN,Q96JP0
DCAF5_HUMAN,Q96JK2
LRCH3_HUMAN,Q96II8
DDRGK_HUMAN,Q96HY6
STALP_HUMAN,Q96FJ0
RBM33_HUMAN,Q96EV2
RM38_HUMAN,Q96DV4
TIM14_HUMAN,Q96DA6
NSUN4_HUMAN,Q96CB9
F136A_HUMAN,Q96C01
SPSB1_HUMAN,Q96BD6
EXOS8_HUMAN,Q96B26
RM24_HUMAN,Q96A35
LSM10_HUMAN,Q969L4
GPI8_HUMAN,Q92643
APBP2_HUMAN,Q92624
NU205_HUMAN,Q92621
TSC1_HUMAN,Q92574
PSMF1_HUMAN,Q92530
DNJA4_HUMAN,Q8WW22
DMXL2_HUMAN,Q8TDJ6
MK15_HUMAN,Q8TD08
CIP2A_HUMAN,Q8TCG1
FBX30_HUMAN,Q8TB52
NUP37_HUMAN,Q8NFH4
SYNE1_HUMAN,Q8NF91
FBX22_HUMAN,Q8NEZ5
ZNT7_HUMAN,Q8NEW0
MCU_HUMAN,Q8NE86
ABCF1_HUMAN,Q8NE71
ZN740_HUMAN,Q8NDX6
ZN248_HUMAN,Q8NDW4
ZNRF1_HUMAN,Q8ND25
TEX26_HUMAN,Q8N6G2
CISD2_HUMAN,Q8N5K1
ASCC3_HUMAN,Q8N3C0
H2B3B_HUMAN,Q8N257
STX12_HUMAN,Q86Y82
DDX42_HUMAN,Q86XP3
CARM1_HUMAN,Q86X55
RLGPB_HUMAN,Q86X10
VPS36_HUMAN,Q86VN1
RIP_HUMAN,Q86UA6
PATL1_HUMAN,Q86TB9
GALT7_HUMAN,Q86SF2
ZN467_HUMAN,Q7Z7K2
MUC19_HUMAN,Q7Z5P9
I2BP2_HUMAN,Q7Z5L9
POGZ_HUMAN,Q7Z3K3
PRIC2_HUMAN,Q7Z3G6
NUP54_HUMAN,Q7Z3B4
TPC11_HUMAN,Q7Z392
HS2ST_HUMAN,Q7LGA3
HAKAI_HUMAN,Q75N03
H32_HUMAN,Q71DI3
DMP46_HUMAN,Q6ZS02
CWC27_HUMAN,Q6UX04
BL1S2_HUMAN,Q6QNY1
DCNL2_HUMAN,Q6PH85
RL22L_HUMAN,Q6P5R6
ZCHC8_HUMAN,Q6NZY4
RINT1_HUMAN,Q6NUQ1
OGFD2_HUMAN,Q6N063
LTOR1_HUMAN,Q6IAA8
THOC7_HUMAN,Q6I9Y2
F91A1_HUMAN,Q658Y4
MIC13_HUMAN,Q5XKP0
FOCAD_HUMAN,Q5VW36
CDKAL_HUMAN,Q5VV42
VPS53_HUMAN,Q5VIR6
EMC10_HUMAN,Q5UCC4
HES5_HUMAN,Q5TA89
RM02_HUMAN,Q5T653
RHG21_HUMAN,Q5T5U3
CD158_HUMAN,Q5M9N0
PCID2_HUMAN,Q5JVF3
TEX30_HUMAN,Q5JUR7
TSR1_HUMAN,Q2NL82
PDS5A_HUMAN,Q29RF7
VATF_HUMAN,Q16864
GLO2_HUMAN,Q16775
AT2B3_HUMAN,Q16720
SMAD2_HUMAN,Q15796
NSDHL_HUMAN,Q15738
ELAV1_HUMAN,Q15717
TRAM1_HUMAN,Q15629
TERF2_HUMAN,Q15554
SC23A_HUMAN,Q15436
TOM20_HUMAN,Q15388
RNPS1_HUMAN,Q15287
EEA1_HUMAN,Q15075
T132B_HUMAN,Q14DG7
CLCA4_HUMAN,Q14CN2
PSME4_HUMAN,Q14997
ITPR3_HUMAN,Q14573
ERG1_HUMAN,Q14534
DPOA2_HUMAN,Q14181
KEAP1_HUMAN,Q14145
UBE4A_HUMAN,Q14139
IDI1_HUMAN,Q13907
BYST_HUMAN,Q13895
EXOS2_HUMAN,Q13868
SHRM2_HUMAN,Q13796
TRA2A_HUMAN,Q13595
ULA1_HUMAN,Q13564
4EBP2_HUMAN,Q13542
HAP28_HUMAN,Q13442
PHLP_HUMAN,Q13371
GPS2_HUMAN,Q13227
RM28_HUMAN,Q13084
TRI32_HUMAN,Q13049
SEC20_HUMAN,Q12981
TF3C1_HUMAN,Q12789
MPPA_HUMAN,Q10713
AHNK_HUMAN,Q09666
VAC14_HUMAN,Q08AM6
SSRP1_HUMAN,Q08945
PUR1_HUMAN,Q06203
PTN12_HUMAN,Q05209
TAP1_HUMAN,Q03518
KIF23_HUMAN,Q02241
ANK2_HUMAN,Q01484
SET_HUMAN,Q01105
H33_HUMAN,P84243
SRSF3_HUMAN,P84103
CBX1_HUMAN,P83916
COG7_HUMAN,P83436
VAMP2_HUMAN,P63027
RS26_HUMAN,P62854
RAB1A_HUMAN,P62820
SUMO2_HUMAN,P61956
UB2G2_HUMAN,P60604
ROMO1_HUMAN,P60602
PP4C_HUMAN,P60510
CD81_HUMAN,P60033
ELOF1_HUMAN,P60002
GBG2_HUMAN,P59768
CORO7_HUMAN,P57737
PKNX1_HUMAN,P55347
TPD52_HUMAN,P55327
MTP_HUMAN,P55157
MOT1_HUMAN,P53985
NCBP2_HUMAN,P52298
LRBA_HUMAN,P50851
DNLI3_HUMAN,P49916
CTCF_HUMAN,P49711
PRI2_HUMAN,P49643
RM19_HUMAN,P49406
MRP_HUMAN,P49006
PIPNB_HUMAN,P48739
GSHB_HUMAN,P48637
UCRI_HUMAN,P47985
GLYG_HUMAN,P46976
CBX5_HUMAN,P45973
SATT_HUMAN,P43007
MTOR_HUMAN,P42345
ZEB1_HUMAN,P37275
GNL1_HUMAN,P36915
PP1G_HUMAN,P36873
CTNA1_HUMAN,P35221
P5CR1_HUMAN,P32322
S10A7_HUMAN,P31151
GNRHR_HUMAN,P30968
PPIF_HUMAN,P30405
VATL_HUMAN,P27449
ARBK1_HUMAN,P25098
CDK2_HUMAN,P24941
ERD21_HUMAN,P24390
KAPCB_HUMAN,P22694
COMT_HUMAN,P21964
MPRD_HUMAN,P20645
RAB5A_HUMAN,P20339
NCPR_HUMAN,P16435
PHKG2_HUMAN,P15735
MTDC_HUMAN,P13995
KAP2_HUMAN,P13861
ZNF35_HUMAN,P13682
TOP2A_HUMAN,P11388
LAMP1_HUMAN,P11279
BCR_HUMAN,P11274
PYGB_HUMAN,P11216
COX5B_HUMAN,P10606
COX6C_HUMAN,P09669
CLCA_HUMAN,P09496
RM03_HUMAN,P09001
S10A9_HUMAN,P06702
RPC4_HUMAN,P05423
SCG1_HUMAN,P05060
HSPB1_HUMAN,P04792
K2C6B_HUMAN,P04259
NU5M_HUMAN,P03915
APOA1_HUMAN,P02647
PTHY_HUMAN,P01270
A2MG_HUMAN,P01023
CLPT1_HUMAN,O96005
STAU1_HUMAN,O95793
AP2A1_HUMAN,O95782
OXSR1_HUMAN,O95747
RPA1_HUMAN,O95602
SLU7_HUMAN,O95391
RTN3_HUMAN,O95197
GBRAP_HUMAN,O95166
SFR15_HUMAN,O95104
ENDD1_HUMAN,O94919
CLPX_HUMAN,O76031
SAP30_HUMAN,O75446
MPPB_HUMAN,O75439
MTX2_HUMAN,O75431
GGCT_HUMAN,O75223
ANR17_HUMAN,O75179
SOCS5_HUMAN,O75159
ROCK2_HUMAN,O75116
ABCB7_HUMAN,O75027
ICMT_HUMAN,O60725
SEP15_HUMAN,O60613
SMCA5_HUMAN,O60264
MYO1B_HUMAN,O43795
AP1G1_HUMAN,O43747
NDUA2_HUMAN,O43678
NDUB5_HUMAN,O43674
PRC1_HUMAN,O43663
DNPH1_HUMAN,O43598
LTOR5_HUMAN,O43504
E41L2_HUMAN,O43491
SYNJ1_HUMAN,O43426
SI1L1_HUMAN,O43166
MAGB3_HUMAN,O15480
HNRDL_HUMAN,O14979
HGS_HUMAN,O14964
IKKB_HUMAN,O14920
TNPO2_HUMAN,O14787
TPP1_HUMAN,O14773
ADA10_HUMAN,O14672
GOSR2_HUMAN,O14653
DC1I1_HUMAN,O14576
CDKA1_HUMAN,O14519
PDXK_HUMAN,O00764
PESC_HUMAN,O00541
FAAH1_HUMAN,O00519
SNP23_HUMAN,O00161
ADAS_HUMAN,O00116
SNURF_HUMAN,Q9Y675
LRC42_HUMAN,Q9Y546
KLDC2_HUMAN,Q9Y2U9
FEM1B_HUMAN,Q9UK73
WSB2_HUMAN,Q9NYS7
NRBP2_HUMAN,Q9NSY0
ZC4H2_HUMAN,Q9NQZ6
ZSWM6_HUMAN,Q9HCJ5
ZY11B_HUMAN,Q9C0D3
FSD1L_HUMAN,Q9BXM9
FEM1A_HUMAN,Q9BSK4
KLDC3_HUMAN,Q9BQ90
LLR1_HUMAN,Q96L50
MED8_HUMAN,Q96G25
RRNAD_HUMAN,Q96FB5
ASB9_HUMAN,Q96DX5
AMN1_HUMAN,Q8IY45
PTOV1_HUMAN,Q86YD1
ZER1_HUMAN,Q7Z7L7
ZBT49_HUMAN,Q6ZSB9
PACS1_HUMAN,Q6VY07
KLD10_HUMAN,Q6PID8
HIF1A_HUMAN,Q16665
T22D1_HUMAN,Q15714
LRC14_HUMAN,Q15048
SUZ12_HUMAN,Q15022
ELOA1_HUMAN,Q14241
PRAME_HUMAN,P78395
VHL_HUMAN,P40337
HMDH_HUMAN,P04035
T22D2_HUMAN,O75157
S35U4_HUMAN,L0R6Q1
ZSWM8_HUMAN,A7E2V4
RSAD1_HUMAN,Q9HA92
UBC12_HUMAN,P61081
SQSTM_HUMAN,Q13501
DX39A_HUMAN,O00148
TRI44_HUMAN,Q96DX7
RN187_HUMAN,Q5TA31
EPOP_HUMAN,A6NHQ4
CNPY3_HUMAN,Q9BT09
MLH1_HUMAN,P40692
ZSWM4_HUMAN,Q9H7M6
MFR1L_HUMAN,Q9H019
TFAP4_HUMAN,Q01664
MTF2_HUMAN,Q9Y483
EED_HUMAN,O75530
ZN598_HUMAN,Q86UK7
ITK_HUMAN,Q08881
VIGLN_HUMAN,Q00341
KLH25_HUMAN,Q9H0H3
XAF1_HUMAN,Q6GPH4
ANR39_HUMAN,Q53RE8
GABPA_HUMAN,Q06546
PEX19_HUMAN,P40855
ANKR9_HUMAN,Q96BM1
TTF2_HUMAN,Q9UNY4
MS18A_HUMAN,Q9NYP9
RNF41_HUMAN,Q9H4P4
ZNT9_HUMAN,Q6PML9
TRIPC_HUMAN,Q14669
CLPB_HUMAN,Q9H078
HGH1_HUMAN,Q9BTY7
APOL2_HUMAN,Q9BQE5
NSE2_HUMAN,Q96MF7
SMN_HUMAN,Q16637
EZH2_HUMAN,Q15910
ARRB2_HUMAN,P32121
VAV_HUMAN,P15498
GALK1_HUMAN,P51570
LTV1_HUMAN,Q96GA3
HSP7E_HUMAN,Q0VDF9
SDF2_HUMAN,Q99470
HECD1_HUMAN,Q9ULT8
DAXX_HUMAN,Q9UER7
GRAP1_HUMAN,Q4V328
DYR_HUMAN,P00374
CARF_HUMAN,Q9NXV6
TELO2_HUMAN,Q9Y4R8
KAD6_HUMAN,Q9Y3D8
AMFR_HUMAN,Q9UKV5
UCKL1_HUMAN,Q9NWZ5
HIF1N_HUMAN,Q9NWT6
BAZ1A_HUMAN,Q9NRL2
BIRC6_HUMAN,Q9NR09
EXOS4_HUMAN,Q9NPD3
UN45A_HUMAN,Q9H3U1
PDC10_HUMAN,Q9BUL8
PI51A_HUMAN,Q99755
PDLI2_HUMAN,Q96JY6
GIMA7_HUMAN,Q8NHV1
ZN439_HUMAN,Q8NDP4
RN214_HUMAN,Q8ND24
DDX60_HUMAN,Q8IY21
NLRC3_HUMAN,Q7RTR2
TMED8_HUMAN,Q6PL24
CE170_HUMAN,Q5SW79
AAK1_HUMAN,Q2M2I8
CDO1_HUMAN,Q16878
RASA2_HUMAN,Q15283
2A5D_HUMAN,Q14738
LAGE3_HUMAN,Q14657
CAF1B_HUMAN,Q13112
NFKB2_HUMAN,Q00653
TISD_HUMAN,P47974
STAT1_HUMAN,P42224
TNAP3_HUMAN,P21580
WIZ_HUMAN,O95785
STABP_HUMAN,O95630
N4BP1_HUMAN,O75113
CP110_HUMAN,O43303
TRAD1_HUMAN,O14545
GCP60_HUMAN,Q9H3P7
SIKE1_HUMAN,Q9BRV8
RL36L_HUMAN,Q969Q0
YAF2_HUMAN,Q8IY57
DHX8_HUMAN,Q14562
TMF1_HUMAN,P82094
SCAM2_HUMAN,O15127
TB10B_HUMAN,Q4KMP7
GAR1_HUMAN,Q9NY12
NAT10_HUMAN,Q9H0A0
ZC11A_HUMAN,O75152
KCMF1_HUMAN,Q9P0J7
GIMA5_HUMAN,Q96F15
RHG31_HUMAN,Q2M1Z3
RL35A_HUMAN,P18077
SPTN4_HUMAN,Q9H254
G45IP_HUMAN,Q8TAE8
SP16H_HUMAN,Q9Y5B9
RN115_HUMAN,Q9Y4L5
MYO5A_HUMAN,Q9Y4I1
CHTOP_HUMAN,Q9Y3Y2
FBX7_HUMAN,Q9Y3I1
NOP16_HUMAN,Q9Y3C1
WBP11_HUMAN,Q9Y2W2
RL26L_HUMAN,Q9UNX3
MED23_HUMAN,Q9ULK4
INO80_HUMAN,Q9ULG1
TF3C4_HUMAN,Q9UKN8
AKA11_HUMAN,Q9UKA4
ANC2_HUMAN,Q9UJX6
DDX20_HUMAN,Q9UHI6
CNOT8_HUMAN,Q9UFF9
MYEF2_HUMAN,Q9P2K5
RCOR3_HUMAN,Q9P2K3
STK26_HUMAN,Q9P289
TEN3_HUMAN,Q9P273
OGFR_HUMAN,Q9NZT2
TRPM5_HUMAN,Q9NZQ8
MOCS1_HUMAN,Q9NZB8
NDE1_HUMAN,Q9NXR1
GEMI8_HUMAN,Q9NWZ8
RPC5_HUMAN,Q9NVU0
FGOP2_HUMAN,Q9NVK5
INT9_HUMAN,Q9NV88
DCA13_HUMAN,Q9NV06
SYSM_HUMAN,Q9NP81
WDR6_HUMAN,Q9NNW5
E41L5_HUMAN,Q9HCM4
B2L12_HUMAN,Q9HB09
RPA2_HUMAN,Q9H9Y6
MED20_HUMAN,Q9H944
OPA3_HUMAN,Q9H6K4
STPAP_HUMAN,Q9H6E5
SLIK6_HUMAN,Q9H5Y7
TRABD_HUMAN,Q9H4I3
RPC6_HUMAN,Q9H1D9
DDX47_HUMAN,Q9H0S4
ARP6_HUMAN,Q9GZN1
PHAR1_HUMAN,Q9C0D0
ASPC1_HUMAN,Q9BZE9
MK67I_HUMAN,Q9BYG3
LS14B_HUMAN,Q9BX40
RPAP1_HUMAN,Q9BWH6
KIFC1_HUMAN,Q9BW19
NTM1A_HUMAN,Q9BV86
MTND_HUMAN,Q9BV57
RPC3_HUMAN,Q9BUI4
RAM_HUMAN,Q9BTL3
RBM42_HUMAN,Q9BTD8
TACO1_HUMAN,Q9BSH4
MIC25_HUMAN,Q9BRQ6
COR1B_HUMAN,Q9BR76
SELS_HUMAN,Q9BQE4
C10_HUMAN,Q99622
CNO6L_HUMAN,Q96LI5
VCIP1_HUMAN,Q96JH7
FUBP3_HUMAN,Q96I24
ELP4_HUMAN,Q96EB1
APC16_HUMAN,Q96DE5
OTUL_HUMAN,Q96BN8
SPSB4_HUMAN,Q96A44
LMBL2_HUMAN,Q969R5
LPP_HUMAN,Q93052
EVPL_HUMAN,Q92817
WASF1_HUMAN,Q92558
TCPW_HUMAN,Q92526
IRGQ_HUMAN,Q8WZA9
DGCR8_HUMAN,Q8WYQ5
GIMA1_HUMAN,Q8WWP7
DTX3L_HUMAN,Q8TDB6
SHKB1_HUMAN,Q8TBC3
TDRD9_HUMAN,Q8NDG6
UBAC2_HUMAN,Q8NBM4
SUMF2_HUMAN,Q8NBJ7
ANR44_HUMAN,Q8N8A2
ARFG1_HUMAN,Q8N6T3
WDR75_HUMAN,Q8IWA0
C2CD5_HUMAN,Q86YS7
THOC6_HUMAN,Q86W42
PACS2_HUMAN,Q86VP3
RM55_HUMAN,Q7Z7F7
UB2R2_HUMAN,Q712K3
UN13D_HUMAN,Q70J99
ARHGI_HUMAN,Q6ZSZ5
YJ005_HUMAN,Q6ZSR9
BRAT1_HUMAN,Q6PJG6
RGPA1_HUMAN,Q6GYQ0
ZN787_HUMAN,Q6DD87
ARID2_HUMAN,Q68CP9
2ABD_HUMAN,Q66LE6
F16B1_HUMAN,Q5W0V3
LYRM7_HUMAN,Q5U5X0
DEP1A_HUMAN,Q5TB30
EXOS6_HUMAN,Q5RKV6
ERIC3_HUMAN,Q5RHP9
DCA10_HUMAN,Q5QP82
TCHL1_HUMAN,Q5QJ38
TGO1_HUMAN,Q5JRA6
ZN766_HUMAN,Q5HY98
CMPK2_HUMAN,Q5EBM0
TSSC1_HUMAN,Q53HC9
PAR10_HUMAN,Q53GL7
K1109_HUMAN,Q2LD37
RM23_HUMAN,Q16540
MED1_HUMAN,Q15648
SAFB1_HUMAN,Q15424
OZF_HUMAN,Q15072
R3HD1_HUMAN,Q15032
EXOS7_HUMAN,Q15024
ARI5B_HUMAN,Q14865
PUM1_HUMAN,Q14671
PDIA5_HUMAN,Q14554
ICT1_HUMAN,Q14197
BOP1_HUMAN,Q14137
AAMP_HUMAN,Q13685
KRR1_HUMAN,Q13601
GRAP_HUMAN,Q13588
KCC2G_HUMAN,Q13555
STK4_HUMAN,Q13043
CHD3_HUMAN,Q12873
FBLN3_HUMAN,Q12805
SOS1_HUMAN,Q07889
KDSR_HUMAN,Q06136
UBXN1_HUMAN,Q04323
KIME_HUMAN,Q03426
RSMN_HUMAN,P63162
GEMI4_HUMAN,P57678
ARP19_HUMAN,P56211
MVD1_HUMAN,P53602
MAP11_HUMAN,P53582
IMA5_HUMAN,P52294
SMCA2_HUMAN,P51531
VASP_HUMAN,P50552
SPB8_HUMAN,P50452
NU153_HUMAN,P49790
PRI1_HUMAN,P49642
UBE2A_HUMAN,P49459
RPIA_HUMAN,P49247
DPOD2_HUMAN,P49005
SMBP2_HUMAN,P38935
ELF1_HUMAN,P32519
OAS2_HUMAN,P29728
DNJB2_HUMAN,P25686
KPCA_HUMAN,P17252
GPX1_HUMAN,P07203
CD2_HUMAN,P06729
SYF2_HUMAN,O95926
SC24B_HUMAN,O95487
MTMR5_HUMAN,O95248
SPN1_HUMAN,O95149
UBXN7_HUMAN,O94888
SCO1_HUMAN,O75880
CREST_HUMAN,O75177
BUB1B_HUMAN,O60566
RNBP6_HUMAN,O60518
DDX3Y_HUMAN,O15523
AURKA_HUMAN,O14965
ACOT8_HUMAN,O14734
IF2B3_HUMAN,O00425
RPOM_HUMAN,O00411
BBIP1_HUMAN,A8MTZ0
LAMB4_HUMAN,A4D0S4
RAB8B_HUMAN,Q92930
AL9A1_HUMAN,P49189
TSPY8_HUMAN,P0CW00
GSC2_HUMAN,O15499
TIM9_HUMAN,Q9Y5J7
HBS1L_HUMAN,Q9Y450
CAB39_HUMAN,Q9Y376
ZN281_HUMAN,Q9Y2X9
PACN2_HUMAN,Q9UNF0
ITSN2_HUMAN,Q9NZM3
PDS5B_HUMAN,Q9NTI5
FZD3_HUMAN,Q9NPG1
ALG13_HUMAN,Q9NP73
CHM4B_HUMAN,Q9H444
FOXP1_HUMAN,Q9H334
TDIF1_HUMAN,Q9H147
QRIC2_HUMAN,Q9H0J4
LRRC1_HUMAN,Q9BTT6
CPNE1_HUMAN,Q99829
PI3R4_HUMAN,Q99570
MCEE_HUMAN,Q96PE7
MYDGF_HUMAN,Q969H8
GCDH_HUMAN,Q92947
TP8L1_HUMAN,Q8WVP5
CP078_HUMAN,Q8WTQ4
LMO3_HUMAN,Q8TAP4
ZN555_HUMAN,Q8NEP9
CK065_HUMAN,Q8NCR3
COMD1_HUMAN,Q8N668
UBP34_HUMAN,Q70CQ2
IYD1_HUMAN,Q6PHW0
PMF1_HUMAN,Q6P1K2
HMBX1_HUMAN,Q6NT76
URFB1_HUMAN,Q6BDS2
LAR1B_HUMAN,Q659C4
ECM29_HUMAN,Q5VYK3
GGEE3_HUMAN,Q5JRK9
PAF15_HUMAN,Q15004
GAMT_HUMAN,Q14353
QOR_HUMAN,Q08257
NC2B_HUMAN,Q01658
ACADV_HUMAN,P49748
DHYS_HUMAN,P49366
ARBK2_HUMAN,P35626
CTNB1_HUMAN,P35222
GLYC_HUMAN,P34896
KCY_HUMAN,P30085
ES1_HUMAN,P30042
IMPA1_HUMAN,P29218
TFE2_HUMAN,P15923
ENOB_HUMAN,P13929
ODP2_HUMAN,P10515
CLCB_HUMAN,P09497
THIK_HUMAN,P09110
SH3L1_HUMAN,O75368
TI17B_HUMAN,O60830
TIM23_HUMAN,O14925
COX1_HUMAN,P00395
MRT4_HUMAN,Q9UKD2
FBW1B_HUMAN,Q9UKB1
O14J1_HUMAN,Q9UGF5
HPF1_HUMAN,Q9NWY4
NOL10_HUMAN,Q9BSC4
UQCC2_HUMAN,Q9BRT2
RUFY1_HUMAN,Q96T51
STAM1_HUMAN,Q92783
ACBD7_HUMAN,Q8N6N7
P20D2_HUMAN,Q8IYS1
PTH_HUMAN,Q86Y79
RM52_HUMAN,Q86TS9
CROL1_HUMAN,Q86T23
MIC27_HUMAN,Q6UXV4
JMJD6_HUMAN,Q6NYC1
RSBN1_HUMAN,Q5VWQ0
COA6_HUMAN,Q5JTJ3
TAL2_HUMAN,Q16559
IF4A2_HUMAN,Q14240
TIAR_HUMAN,Q01085
HBB_HUMAN,P68871
BI1_HUMAN,P55061
S12A2_HUMAN,P55011
KNTC1_HUMAN,P50748
F10A1_HUMAN,P50502
RAB6A_HUMAN,P20340
BGAL_HUMAN,P16278
NU155_HUMAN,O75694
MED6_HUMAN,O75586
ST18_HUMAN,O60284
LSM1_HUMAN,O15116
EZH1_HUMAN,Q92800
ZNHI2_HUMAN,Q9UHR6
RN181_HUMAN,Q9P0P0
C42S2_HUMAN,Q9NRR3
TRPM3_HUMAN,Q9HCF6
EAF6_HUMAN,Q9HAF1
TBB1_HUMAN,Q9H4B7
CL065_HUMAN,Q9H3J6
NOG1_HUMAN,Q9BZE4
TGS1_HUMAN,Q96RS0
RL39L_HUMAN,Q96EH5
GPKOW_HUMAN,Q92917
ZCRB1_HUMAN,Q8TBF4
CEP78_HUMAN,Q5JTW2
PKHG4_HUMAN,Q58EX7
L2GL1_HUMAN,Q15334
LTBP1_HUMAN,Q14766
SRSF9_HUMAN,Q13242
T2FA_HUMAN,P35269
E2AK2_HUMAN,P19525
CDS2_HUMAN,O95674
WBP4_HUMAN,O75554
NACAD_HUMAN,O15069
GBGT2_HUMAN,O14610
TRAF5_HUMAN,O00463
EHD1_HUMAN,Q9H4M9
RANB3_HUMAN,Q9H6Z4
GSTM1_HUMAN,P09488
NAGK_HUMAN,Q9UJ70
ENOPH_HUMAN,Q9UHY7
NU188_HUMAN,Q5SRE5
ATG4B_HUMAN,Q9Y4P1
SIT1_HUMAN,Q9Y3P8
FIS1_HUMAN,Q9Y3D6
SUCB1_HUMAN,Q9P2R7
GORS2_HUMAN,Q9H8Y8
CC134_HUMAN,Q9H6E4
NUCKS_HUMAN,Q9H1E3
PRRC1_HUMAN,Q96M27
PGM2_HUMAN,Q96G03
OSTF1_HUMAN,Q92882
MAPK3_HUMAN,Q16644
KIF5A_HUMAN,Q12840
TFCP2_HUMAN,Q12800
FMO1_HUMAN,Q01740
NP7_HUMAN,P61582
KAD2_HUMAN,P54819
SPS1_HUMAN,P49903
DOPD_HUMAN,P30046
OSBP1_HUMAN,P22059
DLDH_HUMAN,P09622
SAP_HUMAN,P07602
RAF1_HUMAN,P04049
AATM_HUMAN,P00505
ETHE1_HUMAN,O95571
IDHC_HUMAN,O75874
RTL8C_HUMAN,A6ZKI3
ABHEB_HUMAN,Q96IU4
PURA2_HUMAN,P30520
PTPA_HUMAN,Q15257
SBP1_HUMAN,Q13228
TIM10_HUMAN,P62072
PPCE_HUMAN,P48147
KR87P_HUMAN,A6NCN2
ECHD1_HUMAN,Q9NTX5
SYIM_HUMAN,Q9NSE4
TBB2B_HUMAN,Q9BVA1
NUDC2_HUMAN,Q8WVJ2
KR111_HUMAN,Q8IUC1
DSG4_HUMAN,Q86SJ6
PDE12_HUMAN,Q6L8Q7
UAP1_HUMAN,Q16222
TBCE_HUMAN,Q15813
SUCA_HUMAN,P53597
LEG3_HUMAN,P17931
DUS14_HUMAN,O95147
ZPR1_HUMAN,O75312
SNX2_HUMAN,O60749
UBA6_HUMAN,A0AVT1
MOFA1_HUMAN,Q9Y605
ORN_HUMAN,Q9Y3B8
DPOE3_HUMAN,Q9NRF9
NIT2_HUMAN,Q9NQR4
DCP1A_HUMAN,Q9NPI6
NAA50_HUMAN,Q9GZZ1
AASD1_HUMAN,Q9BTE6
PSF3_HUMAN,Q9BRX5
MACD1_HUMAN,Q9BQ69
ZN363_HUMAN,Q96PM5
RPR1A_HUMAN,Q96P16
CELF1_HUMAN,Q92879
LRC15_HUMAN,Q8TF66
GALD1_HUMAN,Q8NB37
EIF1A_HUMAN,Q8N9N8
PRSR1_HUMAN,Q86XN7
AB1IP_HUMAN,Q7Z5R6
RAIN_HUMAN,Q5U651
NC2A_HUMAN,Q14919
DYR1A_HUMAN,Q13627
PWP1_HUMAN,Q13610
SPP24_HUMAN,Q13103
RL32_HUMAN,P62910
VA0D1_HUMAN,P61421
RL13A_HUMAN,P40429
MK03_HUMAN,P27361
DNLI1_HUMAN,P18858
IGLL1_HUMAN,P15814
CD1E_HUMAN,P15812
A1AT_HUMAN,P01009
CAND2_HUMAN,O75155
SCAM1_HUMAN,O15126
RTCA_HUMAN,O00442
ARI1B_HUMAN,Q8NFD5
HDGR2_HUMAN,Q7Z4V5
NF1_HUMAN,P21359
ATG13_HUMAN,O75143
TWF1_HUMAN,Q12792
RSMB_HUMAN,P14678
CERU_HUMAN,P00450
