From	To
P31946	YWHAB
P62258	YWHAE
Q04917	YWHAH
P61981	YWHAG
P31947	SFN
P27348	YWHAQ
P63104	YWHAZ
P04439	HLA-A
Q14738	PPP2R5D
P30153	PPP2R1A
P30154	PPP2R1B
P63151	PPP2R2A
Q66LE6	PPP2R2D
P11171	EPB41
Q13542	EIF4EBP2
P08195	SLC3A2
P49902	NT5C2
P52209	PGD
O95336	PGLS
P36639	NUDT1
Q8IZ83	ALDH16A1
Q15758	SLC1A5
Q2M2I8	AAK1
P54619	PRKAG1
Q13685	AAMP
Q13131	PRKAA1
Q9Y312	AAR2
Q9BTE6	AARSD1
P00505	GOT2
Q7Z5R6	APBB1IP
O75027	ABCB7
Q9NRK6	ABCB10
P28288	ABCD3
P61221	ABCE1
Q8NE71	ABCF1
Q9UG63	ABCF2
Q8WU67	ABHD3
Q9NUJ1	ABHD10
Q96IU4	ABHD14B
Q8IZP0	ABI1
Q9NYB9	ABI2
O14639	ABLIM1
Q9P1F3	ABRACL
Q15018	ABRAXAS2
Q13085	ACACA
Q9H845	ACAD9
P11310	ACADM
P49748	ACADVL
Q15027	ACAP1
Q15057	ACAP2
Q96P50	ACAP3
Q8N6N7	ACBD7
P07108	DBI
O96019	ACTL6A
P53396	ACLY
O00767	SCD
Q99798	ACO2
O14734	ACOT8
Q15067	ACOX1
P13798	APEH
O14561	NDUFAB1
Q4G176	ACSF3
O95573	ACSL3
P60709	ACTB
Q562R1	ACTBL2
P63261	ACTG1
P12814	ACTN1
O43707	ACTN4
P42025	ACTR1B
P61163	ACTR1A
P00813	ADA
O14672	ADAM10
O00116	AGPS
P35611	ADD1
Q9UEY8	ADD3
P11766	ADH5
Q9H2P0	ADNP
Q9NRN7	AASDHPPT
Q16186	ADRM1
P12235	SLC25A4
P05141	SLC25A5
P12236	SLC25A6
Q08117	TLE5
Q13015	MLLT11
Q9Y4W6	AFG3L2
Q6ULP2	AFTPH
Q53H12	AGK
Q9UKV8	AGO2
Q09666	AHNAK
O95433	AHSA1
Q9BQI0	AIF1L
O95831	AIFM1
Q12904	AIMP1
Q13155	AIMP2
O00170	AIP
P14550	AKR1A1
Q9UKA4	AKAP11
Q9Y2D5	PALM2AKAP2
O43823	AKAP8
Q9ULX6	AKAP8L
P31749	AKT1
P31751	AKT2
P49189	ALDH9A1
P04075	ALDOA
P09972	ALDOC
P15121	AKR1B1
Q9BT22	ALG1
Q6P6C2	ALKBH5
Q9UKV5	AMFR
Q8IY45	AMN1
Q01433	AMPD2
P28838	LAP3
Q9C0C7	AMBRA1
P30533	LRPAP1
P39687	ANP32A
Q92688	ANP32B
Q9BTT0	ANP32E
Q9UJX6	ANAPC2
Q9P2R3	ANKFY1
Q01484	ANK2
Q8IWZ3	ANKHD1
Q96BM1	ANKRD9
Q99873	PRMT1
O14744	PRMT5
O75179	ANKRD17
O15084	ANKRD28
Q53RE8	ANKRD39
Q8N8A2	ANKRD44
A6NC57	ANKRD62
P50995	ANXA11
P04083	ANXA1
P07355	ANXA2
P08758	ANXA5
P08133	ANXA6
P20073	ANXA7
O43747	AP1G1
Q9BXS5	AP1M1
O95782	AP2A1
O94973	AP2A2
P63010	AP2B1
Q96CW1	AP2M1
P53680	AP2S1
O00203	AP3B1
Q13367	AP3B2
Q9Y2T2	AP3M1
Q92572	AP3S1
Q92624	APPBP2
Q9H1A4	ANAPC1
Q9UM13	ANAPC10
Q9NYG5	ANAPC11
Q96DE5	ANAPC16
Q9UJX5	ANAPC4
Q9UJX4	ANAPC5
Q9UJX3	ANAPC7
P27695	APEX1
Q9BZZ5	API5
Q9HDC9	APMAP
Q9BQE5	APOL2
P07741	APRT
O60306	AQR
P25098	GRK2
O15143	ARPC1B
P18085	ARF4
P84085	ARF5
Q8N6T3	ARFGAP1
Q9NP61	ARFGAP3
Q9NWB6	ARGLU1
Q92888	ARHGEF1
Q92974	ARHGEF2
Q15052	ARHGEF6
Q14155	ARHGEF7
Q6ZSZ5	ARHGEF18
Q9Y4X5	ARIH1
O14497	ARID1A
Q8NFD5	ARID1B
O95376	ARIH2
Q4LE39	ARID4B
Q14865	ARID5B
Q68CP9	ARID2
O43488	AKR7A2
P40616	ARL1
Q8IUR7	ARMC8
Q86WX3	RPS19BP1
Q9NZ32	ACTR10
P56211	ARPP19
P61160	ACTR2
P61158	ACTR3
Q9GZN1	ACTR6
O15144	ARPC2
O15145	ARPC3
P59998	ARPC4
O15511	ARPC5
P32121	ARRB2
Q9Y576	ASB1
Q8WXK3	ASB13
Q9Y575	ASB3
Q9NWX5	ASB6
Q9H672	ASB7
Q9H765	ASB8
Q96DX5	ASB9
Q8N3C0	ASCC3
Q7RTU5	ASCL5
Q9Y294	ASF1A
Q9NVP2	ASF1B
O43681	GET3
Q9BZE9	ASPSCR1
P05023	ATP1A1
P54709	ATP1B3
P16615	ATP2A2
Q93084	ATP2A3
Q16720	ATP2B3
P24539	ATP5PB
Q8NBU5	ATAD1
Q9NVI7	ATAD3A
Q5T9A4	ATAD3B
O75143	ATG13
Q9NT62	ATG3
Q9Y4P1	ATG4B
Q9UII2	ATP5IF1
Q6DD88	ATL3
O75947	ATP5PD
P56385	ATP5ME
P18859	ATP5PF
O75964	ATP5MG
P00846	MT-ATP6
P03928	MT-ATP8
P25705	ATP5F1A
P06576	ATP5F1B
P30049	ATP5F1D
P36542	ATP5F1C
P56134	ATP5MF
P48047	ATP5PO
Q9UBB4	ATXN10
Q8WWM7	ATXN2L
O14965	AURKA
Q9HB09	BCL2L12
P61769	B2M
Q9NWV8	BABAM1
Q9NXR7	BABAM2
O00154	ACOT7
O75531	BANF1
O95816	BAG2
O95817	BAG3
Q9UL15	BAG5
P46379	BAG6
P51572	BCAP31
P35613	BSG
Q9NRL2	BAZ1A
A8MTZ0	BBIP1
Q8NFJ9	BBS1
Q9H165	BCL11A
Q9C0K0	BCL11B
P54687	BCAT1
Q9P287	BCCIP
Q4VC05	BCL7A
Q9NYF8	BCLAF1
P11274	BCR
Q9Y276	BCS1L
P16278	GLB1
P55061	TMBIM6
P55957	BID
P53004	BLVRA
Q9Y6D5	ARFGEF2
Q9NR09	BIRC6
Q6QNY1	BLOC1S2
Q14692	BMS1
O60238	BNIP3L
Q9H3K6	BOLA2
Q9H3K6	BOLA2B
Q14137	BOP1
Q6PJG6	BRAT1
P51587	BRCA2
P46736	BRCC3
Q5VTR2	RNF20
O75150	RNF40
Q8WY22	BRI3BP
Q8WUW1	BRK1
P20290	BTF3
O43683	BUB1
O60566	BUB1B
O43684	BUB3
O43709	BUD23
P41223	BUD31
Q13895	BYSL
Q7L1Q6	BZW1
Q9Y6E2	BZW2
Q99622	C12orf57
Q07021	C1QBP
P11586	MTHFD1
Q6UB35	MTHFD1L
Q86YS7	C2CD5
Q9NRR3	CDC42SE2
Q9Y376	CAB39
Q13112	CHAF1B
Q9NZT1	CALML5
P27797	CALR
O43852	CALU
P27824	CANX
Q9P1Y5	CAMSAP3
P07384	CAPN1
Q86VP6	CAND1
O75155	CAND2
Q01518	CAP1
P40121	CAPG
Q14444	CAPRIN1
P47756	CAPZB
Q9NXV6	CDKN2AIP
Q86X55	CARM1
Q8N4J0	CARNMT1
Q6P4E1	GOLM2
Q13948	CUX1
P42574	CASP3
P55212	CASP6
P04040	CAT
P53634	CTSC
P07339	CTSD
Q5NE16	CTSL3P
P52907	CAPZA1
P47755	CAPZA2
P22681	CBL
P83916	CBX1
Q13185	CBX3
P45973	CBX5
Q96CT7	CCDC124
Q9H6E4	CCDC134
Q8IX12	CCAR1
Q8N163	CCAR2
Q96A33	CCDC47
Q9BR77	CCDC77
Q96F63	CCDC97
Q16204	CCDC6
O75909	CCNK
O60563	CCNT1
O60583	CCNT2
Q5M9N0	CCDC158
P15812	CD1E
P06729	CD2
Q9Y5K6	CD2AP
O95400	CD2BP2
P28907	CD38
P04234	CD3D
P07766	CD3E
P09693	CD3G
P20963	CD247
Q08722	CD47
P60033	CD81
P14209	CD99
Q13042	CDC16
Q12834	CDC20
Q9UJX2	CDC23
Q8NHZ8	CDC26
P30260	CDC27
Q16543	CDC37
P60953	CDC42
O75419	CDC45
Q99459	CDC5L
Q6P1J9	CDC73
P06493	CDK1
P24941	CDK2
Q00535	CDK5
Q00534	CDK6
P50750	CDK9
O14519	CDK2AP1
Q5VV42	CDKAL1
Q16878	CDO1
O95674	CDS2
Q9UKY7	CDV3
Q5SW79	CEP170
Q92879	CELF1
O95319	CELF2
Q02224	CENPE
Q8NHQ1	CEP70
Q5JTW2	CEP78
Q9Y6K0	CEPT1
Q96G23	CERS2
P41208	CETN2
Q9Y6A4	CFAP20
Q9UFW8	CGGBP1
Q0VF96	CGNL1
Q8N0T1	RBIS
P61604	HSPE1
Q15782	CHI3L2
P10809	HSPD1
Q96JM3	CHAMP1
Q96BP2	CHCHD1
Q9Y6H1	CHCHD2
Q12873	CHD3
Q14839	CHD4
Q8IWX8	CHERP
O14757	CHEK1
Q9HD42	CHMP1A
Q9BY43	CHMP4A
Q9H444	CHMP4B
Q9UHD1	CHORDC1
Q9Y2V2	CARHSP1
Q9Y3Y2	CHTOP
Q9NZ63	C9orf78
Q9Y375	NDUFAF1
O76071	CIAO1
Q9P2M7	CGN
Q8TCG1	CIP2A
Q14011	CIRBP
Q9NZ45	CISD1
Q8N5K1	CISD2
P0C7P0	CISD3
Q9NSE2	CISH
O75390	CS
Q8NCR3	MFI
Q9BUA3	SPINDOC
Q96JB5	CDK5RAP3
Q8WWK9	CKAP2
Q07065	CKAP4
Q14008	CKAP5
P61024	CKS1B
Q9H3J6	MTRFR
O75122	CLASP2
Q14CN2	CLCA4
P09497	CLTB
Q00610	CLTC
O00299	CLIC1
P30622	CLIP1
Q9HAZ1	CLK4
Q9NWW5	CLN6
Q96KA5	CLPTM1L
Q9H078	CLPB
Q16740	CLPP
O96005	CLPTM1
O76031	CLPX
O75746	SLC25A12
Q5EBM0	CMPK2
Q9BQ75	CMSS1
Q8N1G2	CMTR1
Q9Y224	RTRAF
P09543	CNP
P62633	CNBP
Q15021	NCAPD2
Q15003	NCAPH
Q9BPX3	NCAPG
P42695	NCAPD3
Q86XI2	NCAPG2
Q6IBW4	NCAPH2
Q96KP4	CNDP2
Q9P003	CNIH4
Q99439	CNN2
Q9H9A5	CNOT10
Q9UKZ1	CNOT11
Q96LI5	CNOT6L
A5YKK6	CNOT1
Q9NZN8	CNOT2
O75175	CNOT3
Q9UIV1	CNOT7
Q9UFF9	CNOT8
Q92600	CNOT9
Q9Y2B0	CNPY2
Q9BT09	CNPY3
Q5JTJ3	COA6
P23528	CFL1
P83436	COG7
Q8N668	COMMD1
Q9UBI1	COMMD3
Q9P000	COMMD9
P21964	COMT
P53621	COPA
P53618	COPB1
P35606	COPB2
P48444	ARCN1
O14579	COPE
Q9Y678	COPG1
Q9UBF2	COPG2
Q9NQ92	COPRS
P61923	COPZ1
P31146	CORO1A
Q9BR76	CORO1B
Q9ULV4	CORO1C
P57737	CORO7
Q14019	COTL1
P00395	MT-CO1
Q7KZN9	COX15
Q14061	COX17
P00403	MT-CO2
P13073	COX4I1
P20674	COX5A
P10606	COX5B
P09669	COX6C
Q8WTQ4	C16orf78
O43303	CCP110
Q99829	CPNE1
O75131	CPNE3
P04632	CAPNS1
Q10570	CPSF1
Q9P2I0	CPSF2
Q9UKF6	CPSF3
O95639	CPSF4
O43809	NUDT21
Q16630	CPSF6
Q8N684	CPSF7
P50416	CPT1A
Q9H3G5	CPVL
Q6JBY9	RCSD1
Q9Y4K1	CRYBG1
P16220	CREB1
O75177	SS18L1
P50238	CRIP1
Q9P021	CRIPT
P46109	CRKL
Q5TZA2	CROCC
Q86T23	CROCCP2
Q9UFG5	C19orf25
Q9BQ61	TRIR
O75534	CSDE1
P41240	CSK
P68400	CSNK2A1
P19784	CSNK2A2
P67870	CSNK2B
Q13098	GPS1
P61201	COPS2
Q9UNS2	COPS3
Q9BT78	COPS4
Q92905	COPS5
Q7L5N1	COPS6
Q9UBW8	COPS7A
Q9H9Q2	COPS7B
Q99627	COPS8
Q8WXC6	COPS9
P21291	CSRP1
Q05048	CSTF1
P33240	CSTF2
Q12996	CSTF3
Q13363	CTBP1
P49711	CTCF
P35221	CTNNA1
P35222	CTNNB1
Q6PD62	CTR9
O14578	CIT
Q13616	CUL1
Q13617	CUL2
Q13618	CUL3
Q13619	CUL4A
Q13620	CUL4B
Q93034	CUL5
Q6UX04	CWC27
Q9H5V9	STEEP1
P14854	COX6B1
P14406	COX7A2
P61073	CXCR4
P08574	CYC1
O43169	CYB5B
Q9HB71	CACYBP
P99999	CYCS
Q7L576	CYFIP1
Q96F07	CYFIP2
P04080	CSTB
Q86T65	DAAM2
P61803	DAD1
Q9P219	CCDC88C
Q9UER7	DAXX
Q96EP5	DAZAP1
Q9NR28	DIABLO
Q9UJU6	DBNL
O14576	DYNC1I1
Q13409	DYNC1I2
Q9Y6G9	DYNC1LI1
O43237	DYNC1LI2
Q5QP82	DCAF10
Q8TEB1	DCAF11
Q9NV06	DCAF13
Q9Y4B6	DCAF1
Q96JK2	DCAF5
P61962	DCAF7
Q5TAQ9	DCAF8
P17707	AMD1
P81605	DCD
P27707	DCK
Q96GG9	DCUN1D1
Q6PH85	DCUN1D2
Q8IWE4	DCUN1D3
Q9BTE7	DCUN1D5
Q14203	DCTN1
Q13561	DCTN2
O75935	DCTN3
Q9UJW0	DCTN4
Q9BTE1	DCTN5
O00399	DCTN6
Q9H773	DCTPP1
Q9BW61	DDA1
Q16531	DDB1
Q8NEL9	DDHD1
Q96HY6	DDRGK1
Q92499	DDX1
Q92841	DDX17
Q9NVP1	DDX18
Q9UHI6	DDX20
Q9NR30	DDX21
Q9BUQ8	DDX23
Q9GZR7	DDX24
O00571	DDX3X
O15523	DDX3Y
Q9UJV9	DDX41
Q86XP3	DDX42
Q7L014	DDX46
Q9H0S4	DDX47
P17844	DDX5
Q9NY93	DDX56
P26196	DDX6
Q8IY21	DDX60
Q9H4E7	DEF6
P35659	DEK
Q8IV53	DENND1C
O43583	DENR
Q5TB30	DEPDC1
Q9GZP9	DERL2
P15924	DSP
P60981	DSTN
O00273	DFFA
Q8WYQ5	DGCR8
P51659	HSD17B4
Q15392	DHCR24
Q9UBM7	DHCR7
P00367	GLUD1
Q00796	SORD
O43143	DHX15
Q9H5Z1	DHX35
Q9H2U1	DHX36
Q8IX18	DHX40
Q14562	DHX8
Q08211	DHX9
P49366	DHPS
O60610	DIAPH1
O60879	DIAPH2
Q9UBX3	SLC25A10
Q9UNQ2	DIMT1
Q9UBS4	DNAJB11
Q9NXW2	DNAJB12
Q8TBM8	DNAJB14
Q8IXB1	DNAJC10
Q9NVH1	DNAJC11
O75165	DNAJC13
P09622	DLD
Q9NP97	DYNLRB1
Q6ZS02	DNM1P46
Q8TDJ6	DMXL2
P31689	DNAJA1
O60884	DNAJA2
Q96EY1	DNAJA3
Q8WW22	DNAJA4
P25685	DNAJB1
P25686	DNAJB2
O75190	DNAJB6
Q99615	DNAJC7
O75937	DNAJC8
Q8WXX5	DNAJC9
P18858	LIG1
P49916	LIG3
P26358	DNMT1
Q9ULA0	DNPEP
O43598	DNPH1
Q92608	DOCK2
Q96N67	DOCK7
O60762	DPM1
Q14181	POLA2
P28340	POLD1
P49005	POLD2
Q9NRF9	POLE3
Q9UHL4	DPP7
Q9NY33	DPP3
Q16555	DPYSL2
Q16643	DBN1
Q9Y295	DRG1
Q86SJ6	DSG4
Q9H410	DSN1
P55265	ADAR
Q8N9I9	DTX3
Q8TDB6	DTX3L
O95147	DUSP14
Q96G46	DUS3L
P33316	DUT
O00148	DDX39A
Q13838	DDX39B
Q9NYC9	DNAH9
Q14204	DYNC1H1
P63167	DYNLL1
Q96FJ2	DYNLL2
P63172	DYNLT1
P50570	DNM2
P00374	DHFR
Q13627	DYRK1A
Q03001	DST
P19525	EIF2AK2
Q9NZJ5	EIF2AK3
Q96AV8	E2F7
O43491	EPB41L2
Q9HCM4	EPB41L5
Q9HAF1	MEAF6
Q56P03	EAPP
Q15125	EBP
Q13011	ECH1
P40939	HADHA
P55084	HADHB
Q9NTX5	ECHDC1
P30084	ECHS1
O75521	ECI2
Q9BQ95	ECSIT
Q6P2E9	EDC4
O60869	EDF1
Q15075	EEA1
O75530	EED
P68104	EEF1A1
P24534	EEF1B2
P29692	EEF1D
P26641	EEF1G
P13639	EEF2
Q8N7U6	EFHB
Q96C19	EFHD2
P49411	TUFM
Q9H4M9	EHD1
Q14232	EIF2B1
P49770	EIF2B2
Q9UI10	EIF2B4
Q13144	EIF2B5
Q9NR50	EIF2B3
P41567	EIF1
Q8N9N8	EIF1AD
Q14152	EIF3A
P55884	EIF3B
Q99613	EIF3C
O15371	EIF3D
P60228	EIF3E
O00303	EIF3F
O75821	EIF3G
O15372	EIF3H
Q13347	EIF3I
O75822	EIF3J
Q9UBQ5	EIF3K
Q9Y262	EIF3L
Q7L2H7	EIF3M
Q15717	ELAVL1
P32519	ELF1
Q92556	ELMO1
Q14241	ELOA
Q15370	ELOB
Q15369	ELOC
P60002	ELOF1
Q9NYP7	ELOVL5
O95163	ELP1
Q6IA86	ELP2
Q9H9T3	ELP3
Q96EB1	ELP4
Q00013	MPP1
Q9HC35	EML4
Q8N766	EMC1
Q5UCC4	EMC10
Q15006	EMC2
Q9P0I2	EMC3
Q9NPA0	EMC7
O43402	EMC8
P50402	EMD
Q6PJG2	MIDEAS
O94919	ENDOD1
P06733	ENO1
P09104	ENO2
Q9UHY7	ENOPH1
P14625	HSP90B1
O43768	ENSA
Q9NPA8	ENY2
Q9UBC2	EPS15L1
Q09472	EP300
O95278	EPM2A
A6NHQ4	EPOP
P42566	EPS15
Q9NZ08	ERAP1
Q2NKX8	ERCC6L
P24390	KDELR1
P62495	ETF1
P15170	GSPT1
Q8IYD1	GSPT2
Q14534	SQLE
P48449	LSS
Q96RQ1	ERGIC2
Q9Y282	ERGIC3
P84090	ERH
Q5RHP9	ERICH3
Q96DZ1	ERLEC1
Q96HE7	ERO1A
P30040	ERP29
P30042	GATD3
P30042	GATD3B
P10768	ESD
Q9BSJ8	ESYT1
A0FGR8	ESYT2
P13804	ETFA
P38117	ETFB
O95571	ETHE1
P14921	ETS1
Q9UI08	EVL
Q92817	EVPL
Q01844	EWSR1
Q9NV70	EXOC1
Q96KP1	EXOC2
O60645	EXOC3
Q96A65	EXOC4
O00471	EXOC5
Q9UPT5	EXOC7
Q9Y2C4	EXOG
Q13868	EXOSC2
Q9NQT5	EXOSC3
Q9NPD3	EXOSC4
Q5RKV6	EXOSC6
Q15024	EXOSC7
Q96B26	EXOSC8
Q06265	EXOSC9
Q92800	EZH1
Q15910	EZH2
P15311	EZR
P50502	ST13
Q9NZB2	FAM120A
Q8IXS8	HYCC2
Q5BKY9	FAM133B
Q96C01	FAM136A
Q96A26	FAM162A
Q5W0V3	FHIP2A
Q9ULE4	FAM184B
Q9GZU8	PSME3IP1
Q9NSI2	SLX9
O60825	PFKFB2
Q16875	PFKFB3
Q16877	PFKFB4
Q658Y4	FAM91A1
Q9Y421	FAM32A
Q9NUQ9	CYRIB
Q14320	FAM50A
Q8TAV0	FAM76A
Q5HYJ3	FAM76B
Q52LJ0	FAM98B
O00519	FAAH
Q01469	FABP5
Q9BXW9	FANCD2
O75844	ZMPSTE24
Q8WVX9	FAR1
O95864	FADS2
Q96CS3	FAF2
Q9NVI1	FANCI
P49327	FASN
Q12805	EFEMP1
P22087	FBL
Q9UKB1	FBXW11
O94952	FBXO21
Q8NEZ5	FBXO22
Q8TB52	FBXO30
Q9UKT4	FBXO5
Q9Y3I1	FBXO7
P37268	FDFT1
Q9BSK4	FEM1A
Q9UK73	FEM1B
Q96JP0	FEM1C
P39748	FEN1
Q9NVK5	FGFR1OP2
Q13642	FHL1
Q6UN15	FIP1L1
Q9Y3D6	FIS1
P62942	FKBP1A
P26885	FKBP2
Q00688	FKBP3
Q02790	FKBP4
Q13451	FKBP5
Q14318	FKBP8
Q15007	WTAP
Q01543	FLI1
Q13045	FLII
P21333	FLNA
O75369	FLNB
Q14315	FLNC
O75955	FLOT1
Q14254	FLOT2
O95466	FMNL1
Q96RU3	FNBP1
P49354	FNTA
P49356	FNTB
Q5VW36	FOCAD
Q9H334	FOXP1
Q8IVH2	FOXP4
P14324	FDPS
Q14331	FRG1
O94915	FRYL
Q9BXM9	FSD1L
Q96AE4	FUBP1
Q92945	KHSRP
Q96I24	FUBP3
P07954	FH
P35637	FUS
P51114	FXR1
Q96CU9	FOXRED1
O15117	FYB1
Q9Y2I7	PIKFYVE
Q13283	G3BP1
Q9UN86	G3BP2
P04406	GAPDH
Q8TAE8	GADD45GIP1
P11413	G6PD
P06744	GPI
Q06546	GABPA
Q8NB37	GATD1
P51570	GALK1
Q10471	GALNT2
Q86SF2	GALNT7
Q14353	GAMT
Q14697	GANAB
Q14C86	GAPVD1
Q9H4G4	GLIPR2
Q9NY12	GAR1
P41250	GARS1
P62873	GNB1
P62879	GNB2
Q92538	GBF1
P63218	GNG5
O14610	GNGT2
Q92947	GCDH
Q92616	GCN1
Q9BSJ2	TUBGCP2
Q96CW5	TUBGCP3
Q9H3P7	ACBD3
P35573	AGL
P31150	GDI1
P50395	GDI2
P52565	ARHGDIA
P52566	ARHGDIB
P52306	RAP1GDS1
P57678	GEMIN4
Q8TEQ6	GEMIN5
Q9NWZ8	GEMIN8
Q9NQX3	GPHN
Q7L5D6	GET4
Q06210	GFPT1
O75223	GGCT
Q6Y7W6	GIGYF2
Q9H936	SLC25A22
Q8IVV7	GID4
Q9NWU2	GID8
Q8WWP7	GIMAP1
Q96F15	GIMAP5
Q8NHV1	GIMAP7
Q9Y2X7	GIT1
Q14161	GIT2
Q9Y223	GNE
Q04446	GBE1
P15104	GLUL
Q16775	HAGH
Q9HC38	GLOD4
P35754	GLRX
O76003	GLRX3
Q86SX6	GLRX5
O94925	GLS
P14314	PRKCSH
P34896	SHMT1
P46976	GYG1
P34897	SHMT2
Q49A26	GLYR1
O60547	GMDS
O60234	GMFG
P04899	GNAI2
Q9BYB4	GNB1L
P36915	GNL1
Q9BVP2	GNL3
Q9NVN8	GNL3L
P30968	GNRHR
Q08379	GOLGA2
Q08378	GOLGA3
Q14789	GOLGB1
Q9H4A6	GOLPH3
Q9BXV9	GON7
Q9H8Y8	GORASP2
O95249	GOSR1
O14653	GOSR2
Q92643	PIGK
Q92917	GPKOW
Q9HCN4	GPN1
Q9UHW5	GPN3
Q13227	GPS2
Q8N954	GPATCH11
P07203	GPX1
P36969	GPX4
Q13588	GRAP
Q4V328	GRIPAP1
O75791	GRAP2
P62993	GRB2
Q3V6T2	CCDC88A
Q9UBQ7	GRHPR
P38646	HSPA9
P11021	HSPA5
Q9HAV7	GRPEL1
O15499	GSC2
P48507	GCLM
P48637	GSS
P00390	GSR
P49841	GSK3B
Q92896	GLG1
Q9Y2Q3	GSTK1
P09488	GSTM1
P21266	GSTM3
P78417	GSTO1
P09211	GSTP1
P78347	GTF2I
P11166	SLC2A1
Q9NYZ3	GTSE1
P49915	GMPS
P13807	GYS1
P16403	H1-2
P16402	H1-3
P10412	H1-4
P16401	H1-5
Q92522	H1-10
O75367	MACROH2A1
Q8N257	H2BC26
Q71DI3	H3C13
Q71DI3	H3C14
Q71DI3	H3C15
P84243	H3-3A
P84243	H3-3B
P62805	H4C1
P62805	H4C11
P62805	H4C12
P62805	H4C13
P62805	H4C14
P62805	H4C15
P62805	H4C16
P62805	H4C2
P62805	H4C3
P62805	H4C4
P62805	H4C5
P62805	H4C6
P62805	H4C8
P62805	H4C9
Q58FF8	HSP90AB2P
Q58FF6	HSP90AB4P
Q9P035	HACD3
Q75N03	CBLL1
Q13442	PDAP1
O14929	HAT1
Q68CZ6	HAUS3
Q9H6D7	HAUS4
O94927	HAUS5
Q7Z4H7	HAUS6
Q9BT25	HAUS8
O00165	HAX1
P69905	HBA1
P69905	HBA2
Q9Y450	HBS1L
Q99714	HSD17B10
Q16836	HADH
P51610	HCFC1
P14317	HCLS1
Q13547	HDAC1
Q92769	HDAC2
O15379	HDAC3
Q9UBN7	HDAC6
P51858	HDGF
Q7Z4V5	HDGFL2
Q9ULT8	HECTD1
Q5T447	HECTD3
Q9BXL5	HEMGN
P22830	FECH
Q5TA89	HES5
O94992	HEXIM1
P04233	CD74
Q9BTY7	HGH1
O14964	HGS
Q16665	HIF1A
Q9NWT6	HIF1AN
Q9Y241	HIGD1A
Q9BW72	HIGD2A
P49773	HINT1
Q9BX68	HINT2
Q14527	HLTF
Q8TCT9	HM13
Q01581	HMGCS1
P04035	HMGCR
P09429	HMGB1
P26583	HMGB2
O15347	HMGB3
Q92619	ARHGAP45
O75330	HMMR
P30519	HMOX2
O14979	HNRNPDL
P31943	HNRNPH1
P55795	HNRNPH2
P31942	HNRNPH3
Q9BUJ2	HNRNPUL1
Q1KMD3	HNRNPUL2
P07910	HNRNPC
Q14103	HNRNPD
P52597	HNRNPF
P61978	HNRNPK
P14866	HNRNPL
P52272	HNRNPM
O60506	SYNCRIP
O43390	HNRNPR
Q00839	HNRNPU
Q86YM7	HOMER1
Q9NSB8	HOMER2
Q86VS8	HOOK3
Q5SSJ5	HP1BP3
Q9NZL4	HSPBP1
P37235	HPCAL1
Q9NWY4	HPF1
P00492	HPRT1
Q92598	HSPH1
Q7LGA3	HS2ST1
P34931	HSPA1L
O95757	HSPA4L
P07900	HSP90AA1
P08238	HSP90AB1
O75506	HSBP1
P34932	HSPA4
P17066	HSPA6
P11142	HSPA8
Q0VDF9	HSPA14
P04792	HSPB1
Q99081	TCF12
Q9P2D3	HEATR5B
O43719	HTATSF1
Q7Z6Z7	HUWE1
P52789	HK2
Q9BYI3	HYCC1
Q9Y4L1	HYOU1
Q9NX55	HYPK
Q7Z5L9	IRF2BP2
P13598	ICAM2
P54105	CLNS1A
O60725	ICMT
Q14197	MRPL58
P14735	IDE
P50213	IDH3A
O43837	IDH3B
O75874	IDH1
P48735	IDH2
Q13907	IDI1
Q16666	IFI16
P47813	EIF1AX
O14602	EIF1AY
P05198	EIF2S1
P20042	EIF2S2
Q9NZI8	IGF2BP1
O00425	IGF2BP3
P41091	EIF2S3
O60841	EIF5B
Q9H2K0	MTIF3
P60842	EIF4A1
Q14240	EIF4A2
P38919	EIF4A3
P23588	EIF4B
P06730	EIF4E
O60573	EIF4E2
Q04637	EIF4G1
P78344	EIF4G2
Q15056	EIF4H
P55010	EIF5
P63241	EIF5A
P56537	EIF6
P78318	IGBP1
P15814	IGLL1
O14920	IKBKB
Q13422	IKZF1
Q9UKS7	IKZF2
Q12905	ILF2
Q12906	ILF3
Q9H0C8	ILKAP
P52292	KPNA2
O00629	KPNA4
O00505	KPNA3
P52294	KPNA1
Q14974	KPNB1
P12268	IMPDH2
P29218	IMPA1
Q9NTI7	INKA2
Q9ULG1	INO80
Q96PE3	INPP4A
Q9BT40	INPP5K
Q9NVM9	INTS13
Q9NV88	INTS9
Q9UI26	IPO11
Q8TEX9	IPO4
O00410	IPO5
O95373	IPO7
O15397	IPO8
Q96P70	IPO9
Q15181	PPA1
Q9H2U2	PPA2
Q5JU85	IQSEC2
P46940	IQGAP1
Q13576	IQGAP2
Q8WZA9	IRGQ
Q9H1K1	ISCU
P05161	ISG15
Q9ULR0	ISY1
P13612	ITGA4
P20701	ITGAL
P05556	ITGB1
P05107	ITGB2
Q08881	ITK
Q14571	ITPR2
Q14573	ITPR3
Q9NZM3	ITSN2
Q6PHW0	IYD
P23458	JAK1
O60271	SPAG9
Q96N16	JAKMIP1
Q6NYC1	JMJD6
Q9UK76	JPT1
Q9H910	JPT2
Q2LD37	BLTP1
P35527	KRT9
P35908	KRT2
P04264	KRT1
P04259	KRT6B
P54819	AK2
Q9Y3D8	AK6
P10644	PRKAR1A
P13861	PRKAR2A
P17612	PRKACA
P22694	PRKACB
P22612	PRKACG
Q6YP21	KYAT3
Q8IYT4	KATNAL2
O75600	GCAT
Q13303	KCNAB2
Q13555	CAMK2G
Q16566	CAMK4
Q8N5Z5	KCTD17
Q9P0J7	KCMF1
Q14681	KCTD2
Q9NXV2	KCTD5
P30085	CMPK1
O60341	KDM1A
Q06136	KDSR
Q14145	KEAP1
Q07666	KHDRBS1
P52732	KIF11
Q15058	KIF14
Q9NS87	KIF15
Q02241	KIF23
O00139	KIF2A
Q99661	KIF2C
O95239	KIF4A
Q12840	KIF5A
Q9BW19	KIFC1
Q03426	MVK
P33176	KIF5B
Q07866	KLC1
Q9NSK0	KLC4
Q6PID8	KLHDC10
Q8N7A1	KLHDC1
Q9Y2U9	KLHDC2
Q9BQ90	KLHDC3
Q9H0H3	KLHL25
Q8NG31	KNL1
P50748	KNTC1
P46019	PHKA2
Q93100	PHKB
P17252	PRKCA
P05771	PRKCB
P41743	PRKCI
Q14558	PRPSAP1
O60256	PRPSAP2
Q5T749	KPRP
P14618	PKM
Q8IUC1	KRTAP11-1
A6NCN2	KRT87P
Q13601	KRR1
Q9HA64	FN3KRP
Q86UP2	KTN1
O75449	KATNA1
Q9BVA0	KATNB1
Q9UNZ5	C19orf53
Q15334	LLGL1
P05455	SSB
Q14657	LAGE3
A4D0S4	LAMB4
P11279	LAMP1
O43813	LANCL1
Q9NS86	LANCL2
P42166	TMPO
P42167	TMPO
Q659C4	LARP1B
Q6PKG0	LARP1
Q4G0J3	LARP7
Q14847	LASP1
Q01650	SLC7A5
Q14739	LBR
Q9Y383	LUC7L2
O95232	LUC7L3
Q9UIQ6	LNPEP
P06239	LCK
P00338	LDHA
P07195	LDHB
Q9UJU2	LEF1
P17931	LGALS3
O00182	LGALS9
Q8WVC0	LEO1
O95202	LETM1
P16150	SPN
Q04760	GLO1
Q9UBR4	LHX3
Q6ZQX7	LIAT1
Q9UGP4	LIMD1
Q9BT23	LIMD2
Q13136	PPFIA1
P43034	PAFAH1B1
P09960	LTA4H
Q96L50	LRR1
P49257	LMAN1
Q12907	LMAN2
Q969R5	L3MBTL2
P20700	LMNB1
Q03252	LMNB2
Q8TAP4	LMO3
Q8WWI1	LMO7
Q9C0E8	LNPK
P36776	LONP1
Q93052	LPP
P42704	LRPPRC
O60711	LPXN
P50851	LRBA
Q15048	LRRC14
Q8TF66	LRRC15
Q86X40	LRRC28
Q15345	LRRC41
Q9Y546	LRRC42
Q8N1G4	LRRC47
Q96CX6	LRRC58
Q96AG4	LRRC59
Q9Y2L9	LRCH1
Q96II8	LRCH3
Q9BTT6	LRRC1
Q32MZ4	LRRFIP1
Q9Y608	LRRFIP2
Q5S007	LRRK2
Q9UFC0	LRWD1
Q8ND56	LSM14A
Q9BX40	LSM14B
Q9H089	LSG1
O15116	LSM1
Q969L4	LSM10
P83369	LSM11
Q3MHD2	LSM12
Q9Y333	LSM2
P62310	LSM3
Q9Y4Z0	LSM4
Q9Y4Y9	LSM5
P62312	LSM6
O95777	LSM8
Q9BVC4	MLST8
Q14766	LTBP1
Q6IAA8	LAMTOR1
O43504	LAMTOR5
Q96GA3	LTV1
Q9NQ29	LUC7L
Q9NX58	LYAR
Q5U5X0	LYRM7
Q02978	SLC25A11
O43318	MAP3K7
Q92918	MAP4K1
O95819	MAP4K4
Q3KQU3	MAP7D1
Q9BQ69	MACROD1
Q9UPN3	MACF1
Q8WXG6	MADD
Q7L5Y9	MAEA
P43362	MAGEA9
P43362	MAGEA9B
O15480	MAGEB3
Q9Y5V3	MAGED1
Q9UNF1	MAGED2
Q9H0U3	MAGT1
Q8WWC4	MAIP1
P55145	MANF
P23368	ME2
P53582	METAP1
P78559	MAP1A
P27816	MAP4
Q8IW41	MAPKAPK5
Q15691	MAPRE1
Q15555	MAPRE2
Q9Y4F3	MARF1
Q9NZL9	MAT2B
P43243	MATR3
P61244	MAX
P56270	MAZ
Q9BQG0	MYBBP1A
Q9UBB5	MBD2
O95983	MBD3
Q9NR56	MBNL1
O43324	EEF1E1
Q96RQ3	MCCC1
Q9HCC0	MCCC2
O43148	RNMT
P49736	MCM2
P25205	MCM3
P33991	MCM4
P33992	MCM5
Q14566	MCM6
P33993	MCM7
Q9BTE3	MCMBP
C9JLW8	MCRIP1
Q9ULC4	MCTS1
Q8NE86	MCU
Q9Y6D9	MAD1L1
P40925	MDH1
P40926	MDH2
Q15648	MED1
Q9NVC6	MED17
Q9H944	MED20
Q9ULK4	MED23
Q9NPJ6	MED4
O75586	MED6
Q96G25	MED8
Q9BQA1	WDR77
Q7L2J0	MEPCE
P31153	MAT2A
P55081	MFAP1
Q9H019	MTFR1L
Q8IWI9	MGA
P16455	MGMT
Q96A72	MAGOHB
O14880	MGST3
Q5XKP0	MICOS13
Q9NX63	CHCHD3
Q9BRQ6	CHCHD6
Q6UXV4	APOOL
Q16891	IMMT
P14174	MIF
Q9Y3D0	CIAO2B
Q8IXI2	RHOT1
Q9H081	MIS12
Q8NDC0	MAPK1IP1L
P28482	MAPK1
P27361	MAPK3
Q16659	MAPK6
Q8TD08	MAPK15
Q9BYG3	NIFK
Q9UL63	MKLN1
Q9BUB5	MKNK1
Q9H000	MKRN2
Q14165	MLEC
Q15773	MLF2
P40692	MLH1
Q8N4V1	MMGT1
Q96T76	MMS19
Q9BWT6	MND1
Q9UBU8	MORF4L1
Q9H8S9	MOB1A
Q70IA6	MOB2
Q9NZB8	MOCS1
P26038	MSN
Q9Y605	MRFAP1
Q13724	MOGS
P53985	SLC16A1
Q9HCE1	MOV10
Q02750	MAP2K1
Q00325	SLC25A3
Q10713	PMPCA
O75439	PMPCB
P20645	M6PR
P11717	IGF2R
O75352	MPDU1
Q9Y5S2	CDC42BPB
P49959	MRE11
P49006	MARCKSL1
P33527	ABCC1
Q7L0Y3	TRMT10C
Q9UKD2	MRTO4
Q9NYP9	MIS18A
O43196	MSH5
Q96DH6	MSI2
Q15800	MSMO1
Q13330	MTA1
O94776	MTA2
Q9BTC8	MTA3
Q9Y6C9	MTCH2
Q9Y4B5	MTCL1
P13995	MTHFD2
Q9Y483	MTF2
Q13613	MTMR1
O95248	SBF1
Q8NCE2	MTMR14
Q9BV57	ADI1
P42345	MTOR
P55157	MTTP
P58546	MTPN
O75431	MTX2
Q7Z5P9	MUC19
P53602	MVD
Q92614	MYO18A
P10242	MYB
Q99417	MYCBP
Q99836	MYD88
Q969H8	MYDGF
Q9P2K5	MYEF2
P35580	MYH10
Q7Z406	MYH14
P35579	MYH9
P08590	MYL3
P12829	MYL4
P60660	MYL6
P14649	MYL6B
O43795	MYO1B
B0I1T2	MYO1G
Q8NEV4	MYO3A
Q9Y4I1	MYO5A
Q9NZM1	MYOF
O14974	PPP1R12A
Q8WU39	MZB1
O75113	N4BP1
P41227	NAA10
Q9BXJ9	NAA15
Q9GZZ1	NAA50
O15069	NACAD
Q9BWU0	SLC4A1AP
Q9UJ70	NAGK
P43490	NAMPT
Q8N7R0	NANOGP1
P49321	NASP
Q9H0A0	NAT10
P00387	CYB5R3
A2RRP1	NBAS
Q14919	DRAP1
Q01658	DR1
Q09161	NCBP1
P52298	NCBP2
P55160	NCKAP1L
Q969V3	NCLN
O75376	NCOR1
P16435	POR
Q9NXR1	NDE1
P15531	NME1
P22392	NME2
Q92597	NDRG1
O95803	NDST3
O15239	NDUFA1
O43678	NDUFA2
O00483	NDUFA4
Q16718	NDUFA5
P56556	NDUFA6
P51970	NDUFA8
Q16795	NDUFA9
O95299	NDUFA10
Q9UI09	NDUFA12
Q9P0J0	NDUFA13
O75438	NDUFB1
O95168	NDUFB4
O43674	NDUFB5
P17568	NDUFB7
Q9Y6M9	NDUFB9
O96000	NDUFB10
Q9BU61	NDUFAF3
Q9P032	NDUFAF4
P28331	NDUFS1
O75306	NDUFS2
O75489	NDUFS3
O43181	NDUFS4
O43920	NDUFS5
O75380	NDUFS6
O75251	NDUFS7
O00217	NDUFS8
P49821	NDUFV1
P19404	NDUFV2
Q8NHV4	NEDD1
Q15843	NEDD8
Q8TDX7	NEK7
Q8TD19	NEK9
Q9H3P2	NELFA
Q8WX92	NELFB
Q8IXH7	NELFCD
P18615	NELFE
Q9Y6K9	IKBKG
Q8NFW8	CMAS
P21359	NF1
Q16649	NFIL3
Q9BT67	NDFIP1
P19838	NFKB1
Q00653	NFKB2
Q6ZNB6	NFXL1
P55769	SNU13
O14745	NHERF1
Q9GZT8	NIF3L1
Q9BPW8	NIPSNAP1
Q9Y2I1	NISCH
Q9NQR4	NIT2
Q9HAS0	C17orf75
Q7RTR2	NLRC3
P22307	SCP2
Q13423	NNT
Q9ULX3	NOB1
Q9BVI4	NOC4L
Q9BZE4	GTPBP4
Q9BSC4	NOL10
Q14978	NOLC1
Q15233	NONO
P78316	NOP14
Q9Y3C1	NOP16
Q9Y314	NOSIP
P55209	NAP1L1
Q99733	NAP1L4
Q8TAT6	NPLOC4
P06748	NPM1
O75607	NPM3
Q9Y5X4	NR2E3
Q9UHY1	NRBP1
Q9NSY0	NRBP2
O43847	NRDC
Q9Y6Y0	IVNS1ABP
Q15738	NSDHL
Q96MF7	NSMCE2
Q96MG7	NSMCE3
Q9NXX6	NSMCE4A
P46459	NSF
Q9UNZ2	NSFL1C
Q9H0G5	NSRP1
Q08J23	NSUN2
Q96CB9	NSUN4
Q9BV86	NTMT1
Q9BSD7	NTPCR
P57740	NUP107
Q8WUM0	NUP133
P49790	NUP153
O75694	NUP155
Q12769	NUP160
Q5SRE5	NUP188
Q92621	NUP205
P35658	NUP214
P03905	MT-ND4
P03915	MT-ND5
Q9Y5Y2	NUBP2
P80303	NUCB2
Q9H1E3	NUCKS1
P19338	NCL
Q9Y266	NUDC
Q96RS6	NUDCD1
Q8WVJ2	NUDCD2
Q9UKK9	NUDT5
Q9BZD4	NUF2
Q8NFH4	NUP37
Q8NFH3	NUP43
Q9UKX7	NUP50
Q7Z3B4	NUP54
Q9BVL2	NUP58
P37198	NUP62
Q9BW27	NUP85
Q99567	NUP88
Q8N1F7	NUP93
P52948	NUP98
Q9UGF5	OR14J1
P29728	OAS2
P04181	OAT
Q9NX40	OCIAD1
Q56VL3	OCIAD2
P12694	BCKDHA
P10515	DLAT
P11177	PDHB
Q6N063	OGFOD2
Q9NZT2	OGFR
O15294	OGT
Q9NTK5	OLA1
O60313	OPA1
Q9H6K4	OPA3
Q9UBD5	ORC3
Q9Y3B8	REXO2
Q9BZF1	OSBPL8
P22059	OSBP
Q9NPF4	OSGEP
P39656	DDOST
Q9NRP0	OSTC
Q92882	OSTF1
Q01804	OTUD4
Q96BN8	OTULIN
O95747	OXSR1
Q15072	ZNF146
Q8IYS1	PM20D2
P13674	P4HA1
Q6IN85	PPP4R3A
P32322	PYCR1
Q96C36	PYCR2
Q53H96	PYCR3
P54886	ALDH18A1
Q86YP4	GATAD2A
Q8WXI9	GATAD2B
P27986	PIK3R1
P68402	PAFAH1B2
Q15102	PAFAH1B3
Q9UQ80	PA2G4
Q9BRP4	PAAF1
P11940	PABPC1
Q86U42	PABPN1
Q13310	PABPC4
Q9UNF0	PACSIN2
Q6VY07	PACS1
Q86VP3	PACS2
Q8N7H5	PAF1
Q15004	PCLAF
Q8NC51	SERBP1
Q13177	PAK2
O43252	PAPSS1
Q53GL7	PARP10
Q9NWS1	PARPBP
Q99497	PARK7
P09874	PARP1
Q86TB9	PATL1
Q9Y5B6	PAXBP1
Q15365	PCBP1
Q15366	PCBP2
P57721	PCBP3
Q9BYE7	PCGF6
Q15645	TRIP13
Q5JVF3	PCID2
Q96MG8	PCMTD1
Q9NV79	PCMTD2
P12004	PCNA
Q8WW12	PCNP
Q9BUL8	PDCD10
Q8WUM4	PDCD6IP
O14737	PDCD5
O75340	PDCD6
Q9H2J4	PDCL3
Q9BRP1	PDCD2L
Q6L8Q7	PDE12
P07237	P4HB
P30101	PDIA3
P13667	PDIA4
Q14554	PDIA5
Q15084	PDIA6
Q9Y2S7	POLDIP2
Q9BY77	POLDIP3
O00151	PDLIM1
Q96JY6	PDLIM2
Q9NUG6	PDRG1
Q29RF7	PDS5A
Q9NTI5	PDS5B
Q6P996	PDXDC1
O00764	PDXK
Q13951	CBFB
P30086	PEBP1
Q9BRX2	PELO
O00541	PES1
O75381	PEX14
P40855	PEX19
P50542	PEX5
O60925	PFDN1
Q9UHV9	PFDN2
P61758	VBP1
Q9NQP4	PFDN4
Q99471	PFDN5
O15212	PFDN6
P17858	PFKL
Q01813	PFKP
P18669	PGAM1
Q96HS1	PGAM5
P00558	PGK1
P36871	PGM1
Q96G03	PGM2
Q9NXJ5	PGPEP1
O00264	PGRMC1
Q9C0D0	PHACTR1
P35232	PHB1
Q99623	PHB2
Q7RTV0	PHF5A
Q8IWS0	PHF6
P15735	PHKG2
Q13371	PDCL
Q9Y3A3	MOB4
Q99570	PIK3R4
P48426	PIP4K2A
P78356	PIP4K2B
P42356	PI4KA
Q99755	PIP5K1A
Q9NWS0	PIH1D1
P22061	PCMT1
Q13526	PIN1
Q9Y237	PIN4
P48739	PITPNB
Q9GZP4	PITHD1
O43164	PJA2
Q9H8W4	PLEKHF2
Q58EX7	PLEKHG4
P55347	PKNOX1
P14923	JUP
Q9Y263	PLAA
P19174	PLCG1
Q15149	PLEC
O60664	PLIN3
P53350	PLK1
O94903	PLPBP
O43660	PLRG1
Q9HBL7	PLGRKT
P13796	LCP1
P29590	PML
Q9UL42	PNMA2
Q9NRX1	PNO1
P00491	PNP
Q9NVS9	PNPO
Q8TCS8	PNPT1
Q8TEM1	NUP210
Q7Z3K3	POGZ
P62136	PPP1CA
P62140	PPP1CB
P36873	PPP1CC
Q15435	PPP1R7
Q96QC0	PPP1R10
P67775	PPP2CA
P60510	PPP4C
Q9NY27	PPP4R2
Q9UPN7	PPP6R1
Q5H9R7	PPP6R3
P24666	ACP1
P48147	PREP
Q8NEY8	PPHLN1
P62937	PPIA
P23284	PPIB
Q9UNP9	PPIE
P30405	PPIF
O43447	PPIH
Q9Y3C6	PPIL1
Q9H2H8	PPIL3
Q8WUA2	PPIL4
P35813	PPM1A
O75688	PPM1B
O15355	PPM1G
P53041	PPP5C
O00743	PPP6C
O75400	PRPF40A
Q86YV5	PRAG1
P78395	PRAME
O43663	PRC1
P48634	PRRC2A
Q9Y520	PRRC2C
Q06830	PRDX1
P32119	PRDX2
P30048	PRDX3
Q13162	PRDX4
P30044	PRDX5
P30041	PRDX6
Q9HCU5	PREB
Q5JRX3	PITRM1
P49642	PRIM1
P49643	PRIM2
Q7Z3G6	PRICKLE2
P78527	PRKDC
P07737	PFN1
P35080	PFN2
Q92620	DHX38
Q9UMS4	PRPF19
Q8WWY3	PRPF31
O43172	PRPF4
O94906	PRPF6
Q6P2Q9	PRPF8
O43395	PRPF3
P60891	PRPS1
P11908	PRPS2
Q96M27	PRRC1
P62333	PSMC6
P62191	PSMC1
P17980	PSMC3
P43686	PSMC4
P35998	PSMC2
P62195	PSMC5
Q86XN7	PROSER1
Q9UIG5	PSORS1C1
P55786	NPEPPS
P25786	PSMA1
P25787	PSMA2
P25788	PSMA3
P25789	PSMA4
P28066	PSMA5
P60900	PSMA6
O14818	PSMA7
P20618	PSMB1
P40306	PSMB10
P49721	PSMB2
P49720	PSMB3
P28070	PSMB4
P28074	PSMB5
P28072	PSMB6
Q99436	PSMB7
P28062	PSMB8
P28065	PSMB9
O75832	PSMD10
O00231	PSMD11
O00232	PSMD12
Q9UNM6	PSMD13
Q8NDX1	PSD4
O00487	PSMD14
Q9BRX5	GINS3
Q99460	PSMD1
Q13200	PSMD2
O43242	PSMD3
P55036	PSMD4
Q16401	PSMD5
Q15008	PSMD6
P51665	PSMD7
P48556	PSMD8
O00233	PSMD9
Q06323	PSME1
Q9UL46	PSME2
P61289	PSME3
Q14997	PSME4
Q92530	PSMF1
O95456	PSMG1
Q969U7	PSMG2
Q8WXF1	PSPC1
P26599	PTBP1
Q14761	PTPRCAP
Q96EY7	PTCD3
Q9Y3E5	PTRH2
Q3SYG4	BBS9
P01270	PTH
P06454	PTMA
P18031	PTPN1
Q06124	PTPN11
Q05209	PTPN12
P17706	PTPN2
Q86YD1	PTOV1
Q15257	PTPA
P08575	PTPRC
P10586	PTPRF
Q03393	PTS
P48651	PTDSS1
Q9UHX1	PUF60
Q14671	PUM1
Q06203	PPAT
P22102	GART
O15067	PFAS
P22234	PAICS
P30566	ADSL
P31939	ATIC
Q00577	PURA
P30520	ADSS2
Q96QR8	PURB
Q13610	PWP1
P11216	PYGB
P27708	CAD
P17812	CTPS1
P31930	UQCRC1
P22695	UQCRC2
P07919	UQCRH
P14927	UQCRB
O14949	UQCRQ
Q9UDW1	UQCR10
Q08257	CRYZ
Q9H0J4	QRICH2
O15541	RNF113A
Q15032	R3HDM1
P61026	RAB10
P61106	RAB14
Q9NP72	RAB18
P62820	RAB1A
Q9H0U4	RAB1B
Q9UL25	RAB21
P61019	RAB2A
Q7Z6P3	RAB44
P20339	RAB5A
P51148	RAB5C
P20340	RAB6A
P51149	RAB7A
P61006	RAB8A
Q92930	RAB8B
Q15276	RABEP1
P63000	RAC1
P15153	RAC2
P63244	RACK1
O60216	RAD21
Q92878	RAD50
Q06609	RAD51
P78406	RAE1
P04049	RAF1
P46060	RANGAP1
Q5U651	RASIP1
P11233	RALA
Q9UKM9	RALY
Q9BTL3	RAMAC
P62826	RAN
Q9H6Z4	RANBP3
Q96S59	RANBP9
P43487	RANBP1
P61224	RAP1B
Q15283	RASA2
Q86YV0	RASAL3
Q8IY67	RAVER1
P06400	RB1
Q96S21	RAB40C
Q8IUD2	ERC1
Q09028	RBBP4
Q16576	RBBP7
Q8TDY2	RB1CC1
Q8N0V3	RBFA
Q9Y3P9	RABGAP1
P98175	RBM10
Q96PK6	RBM14
Q9NW64	RBM22
P49756	RBM25
Q5T8P6	RBM26
Q9P2N5	RBM27
P98179	RBM3
Q96EV2	RBM33
Q14498	RBM39
Q9BWF3	RBM4
Q9BTD8	RBM42
P52756	RBM5
P78332	RBM6
Q9Y580	RBM7
Q9Y5S9	RBM8A
Q6VN20	RANBP10
P49792	RANBP2
Q92804	TAF15
P62877	RBX1
Q9UBF6	RNF7
Q8NDN9	RCBTB1
P18754	RCC1
Q9P258	RCC2
Q9Y2P8	RCL1
Q15293	RCN1
Q14257	RCN2
Q9UKL0	RCOR1
Q8IZ40	RCOR2
Q9P2K3	RCOR3
P54727	RAD23B
P46063	RECQL
Q13123	IK
Q92900	UPF1
Q96D71	REPS1
Q92785	DPF2
O15258	RER1
Q13127	REST
P27694	RPA1
P15927	RPA2
P35244	RPA3
P35251	RFC1
P35250	RFC2
P40938	RFC3
P35249	RFC4
P40937	RFC5
P22670	RFX1
Q9H0H5	RACGAP1
Q6GYQ0	RALGAPA1
A6NKT7	RGPD3
Q53QZ3	ARHGAP15
Q5T5U3	ARHGAP21
Q7Z6I6	ARHGAP30
Q2M1Z3	ARHGAP31
P61586	RHOA
P84095	RHOG
Q5UIP0	RIF1
Q06587	RING1
Q99496	RNF2
P13489	RNH1
Q6NUQ1	RINT1
Q9BRS2	RIOK1
Q9BVS4	RIOK2
Q86UA6	RPAIN
P23921	RRM1
P31350	RRM2
P27635	RPL10
P62906	RPL10A
P62913	RPL11
P30050	RPL12
P26373	RPL13
P40429	RPL13A
P50914	RPL14
P61313	RPL15
P18621	RPL17
Q07020	RPL18
Q02543	RPL18A
P84098	RPL19
P46778	RPL21
P35268	RPL22
Q6P5R6	RPL22L1
P62829	RPL23
P62750	RPL23A
P83731	RPL24
P61254	RPL26
Q9UNX3	RPL26L1
P61353	RPL27
P46776	RPL27A
P46779	RPL28
P39023	RPL3
P62888	RPL30
P62899	RPL31
P62910	RPL32
P42766	RPL35
P18077	RPL35A
P83881	RPL36A
Q969Q0	RPL36AL
P61513	RPL37A
P63173	RPL38
Q96EH5	RPL39L
P36578	RPL4
P62987	UBA52
P46777	RPL5
Q02878	RPL6
P18124	RPL7
P62424	RPL7A
Q6DKI1	RPL7L1
P62917	RPL8
P32969	RPL9
P32969	RPL9P7
P32969	RPL9P8
P32969	RPL9P9
P05388	RPLP0
P05386	RPLP1
P05387	RPLP2
Q86X10	RALGAPB
Q9BYD6	MRPL1
Q5T653	MRPL2
P09001	MRPL3
Q9BYD3	MRPL4
Q9BYD2	MRPL9
Q7Z7H8	MRPL10
Q9Y3B7	MRPL11
P52815	MRPL12
Q9BYD1	MRPL13
Q6P1L8	MRPL14
Q9P015	MRPL15
Q9NX20	MRPL16
Q9NRX2	MRPL17
Q9H0U6	MRPL18
P49406	MRPL19
Q9BYC9	MRPL20
Q7Z2W9	MRPL21
Q9NWU5	MRPL22
Q16540	MRPL23
Q96A35	MRPL24
Q9P0M9	MRPL27
Q13084	MRPL28
Q9BYC8	MRPL32
O75394	MRPL33
Q9BZE1	MRPL37
Q96DV4	MRPL38
Q9NYK5	MRPL39
Q9NQ50	MRPL40
Q8IXM3	MRPL41
Q8N983	MRPL43
Q9H9J2	MRPL44
Q9BRJ2	MRPL45
Q9H2W6	MRPL46
Q9HD33	MRPL47
Q96GC5	MRPL48
Q13405	MRPL49
Q86TS9	MRPL52
Q96EL3	MRPL53
Q6P161	MRPL54
Q7Z7F7	MRPL55
Q9H871	RMND5A
O94763	URI1
Q9Y508	RNF114
Q9Y4L5	RNF115
Q9BV68	RNF126
Q8WVD3	RNF138
Q9P0P0	RNF181
Q5TA31	RNF187
Q63HN8	RNF213
Q8ND24	RNF214
Q5W0B1	OBI1
O60518	RANBP6
Q9H4P4	RNF41
O75792	RNASEH2A
Q5TBB1	RNASEH2B
Q8TDP1	RNASEH2C
Q15287	RNPS1
P19474	TRIM21
P10155	RO60
Q13151	HNRNPA0
P09651	HNRNPA1
P22626	HNRNPA2B1
P51991	HNRNPA3
Q99729	HNRNPAB
Q13464	ROCK1
O75116	ROCK2
P60602	ROMO1
Q8TA86	RP9
O95602	POLR1A
Q9H9Y6	POLR1B
P19388	POLR2E
P52434	POLR2H
P53803	POLR2K
P62875	POLR2L
O15160	POLR1C
Q9Y2S0	POLR1D
Q9BWH6	RPAP1
Q9H6T3	RPAP3
P24928	POLR2A
P30876	POLR2B
P19387	POLR2C
P62487	POLR2G
P36954	POLR2I
O14802	POLR3A
Q9NW08	POLR3B
Q9BUI4	POLR3C
P05423	POLR3D
Q9NVU0	POLR3E
Q9H1D9	POLR3F
Q9Y535	POLR3H
P49247	RPIA
P04843	RPN1
P04844	RPN2
O00411	POLRMT
Q96P16	RPRD1A
Q9NQG5	RPRD1B
Q5VT52	RPRD2
Q9P2E9	RRBP1
Q96FB5	METTL25B
Q9Y2L1	DIS3
P46783	RPS10
P62280	RPS11
P25398	RPS12
P62277	RPS13
P62263	RPS14
P62841	RPS15
P62244	RPS15A
P62249	RPS16
P08708	RPS17
P62269	RPS18
P39019	RPS19
P15880	RPS2
P60866	RPS20
P63220	RPS21
P62266	RPS23
P62847	RPS24
P62851	RPS25
P62854	RPS26
P42677	RPS27
P62979	RPS27A
Q71UM5	RPS27L
P62857	RPS28
P62273	RPS29
P23396	RPS3
P62861	FAU
P61247	RPS3A
P62701	RPS4X
P22090	RPS4Y1
P46782	RPS5
P62753	RPS6
P62081	RPS7
P62241	RPS8
P46781	RPS9
Q9HA92	RSAD1
Q5VWQ0	RSBN1
P14678	SNRPB
P63162	SNRPN
P08865	RPSA
Q9Y399	MRPS2
P82675	MRPS5
P82932	MRPS6
Q9Y2R9	MRPS7
P82933	MRPS9
P82664	MRPS10
P82912	MRPS11
O15235	MRPS12
O60783	MRPS14
P82914	MRPS15
Q9Y3D3	MRPS16
Q9Y2R5	MRPS17
Q9Y676	MRPS18B
Q9Y3D5	MRPS18C
P82921	MRPS21
P82650	MRPS22
Q9Y3D9	MRPS23
Q96EL2	MRPS24
P82663	MRPS25
Q9BYN8	MRPS26
Q92552	MRPS27
Q9Y2Q9	MRPS28
P51398	DAP3
Q9NP92	MRPS30
Q92665	MRPS31
Q9Y291	MRPS33
P82930	MRPS34
P82673	MRPS35
Q9BQC6	MRPL57
O00442	RTCA
Q9Y3I0	RTCB
Q92541	RTF1
Q9BY42	RTF2
O95197	RTN3
Q9NQC3	RTN4
P08621	SNRNP70
P09234	SNRPC
P09661	SNRPA1
P08579	SNRPB2
Q96T51	RUFY1
Q01196	RUNX1
Q13950	RUNX2
Q13761	RUNX3
Q9Y265	RUVBL1
Q9Y230	RUVBL2
P62304	SNRPE
P62306	SNRPF
P31151	S100A7
P05109	S100A8
P06702	S100A9
P55011	SLC12A2
Q9Y666	SLC12A7
Q9Y6Y8	SEC23IP
Q9UHR5	SAP30BP
Q96K37	SLC35E1
L0R6Q1	SLC35A4
Q9NUM3	SLC39A9
Q9Y6M7	SLC4A7
P61619	SEC61A1
Q9NTJ5	SACM1L
Q9UBE0	SAE1
Q9UBT2	UBA2
Q15424	SAFB
P23526	AHCY
O43865	AHCYL1
Q96NU1	SAMD11
Q9Y512	SAMM50
P07602	PSAP
O75446	SAP30
Q9NR31	SAR1A
P82979	SARNP
Q15020	SART3
O75995	SASH3
Q01826	SATB1
P43007	SLC1A4
Q13228	SELENBP1
Q6UWP8	SBSN
P67812	SEC11A
O15027	SEC16A
O75396	SEC22B
Q15436	SEC23A
Q15437	SEC23B
O95487	SEC24B
P53992	SEC24C
O94979	SEC31A
P60468	SEC61B
O15126	SCAMP1
O15127	SCAMP2
O14828	SCAMP3
Q8WVM8	SCFD1
Q8WU76	SCFD2
P05060	CHGB
O75880	SCO1
Q9UIL1	SCOC
P55809	OXCT1
Q8NBX0	SCCPDH
Q96KG9	SCYL1
Q6P3W7	SCYL2
Q99470	SDF2
Q9HCN8	SDF2L1
P31040	SDHA
P21912	SDHB
Q9UBV2	SEL1L
P55735	SEC13
Q12981	BNIP1
Q96EE3	SEH1L
Q8IZQ5	SELENOH
Q9Y6D0	SELENOK
Q9BQE4	SELENOS
Q9NVA2	SEPTIN11
O60613	SELENOF
Q8WYJ6	SEPTIN1
Q15019	SEPTIN2
Q14141	SEPTIN6
Q16181	SEPTIN7
Q92599	SEPTIN8
Q9UHD8	SEPTIN9
O43175	PHGDH
Q9Y617	PSAT1
P50454	SERPINH1
Q01105	SET
Q15637	SF1
Q15459	SF3A1
Q15428	SF3A2
Q12874	SF3A3
O75533	SF3B1
Q13435	SF3B2
Q15393	SF3B3
Q15427	SF3B4
Q9BWJ5	SF3B5
Q9Y3B4	SF3B6
P23246	SFPQ
O95104	SCAF4
Q9H9B4	SFXN1
Q9Y2Z0	SUGT1
O43765	SGTA
O60880	SH2D1A
Q96B97	SH3KBP1
O75368	SH3BGRL
Q9H299	SH3BGRL3
Q8TBC3	SHKBP1
Q13796	SHROOM2
O43166	SIPA1L1
Q9BRV8	SIKE1
Q96ST3	SIN3A
Q9Y3P8	SIT1
P42285	MTREX
Q96BD8	SKA1
Q8WVK7	SKA2
Q8IX90	SKA3
Q9Y448	KNSTRN
P63208	SKP1
Q8ND83	SLAIN1
Q9P270	SLAIN2
Q9GZT3	SLIRP
O95391	SLU7
Q15796	SMAD2
O00193	SMAP
P38935	IGHMBP2
Q14683	SMC1A
O95347	SMC2
Q9UQE7	SMC3
Q9NTJ3	SMC4
Q8IY18	SMC5
Q96SB8	SMC6
P51531	SMARCA2
P51532	SMARCA4
O60264	SMARCA5
Q969G3	SMARCE1
P62314	SNRPD1
P62316	SNRPD2
P62318	SNRPD3
A6NHR9	SMCHD1
Q16637	SMN1
Q16637	SMN2
Q92922	SMARCC1
Q8TAQ2	SMARCC2
Q96GM5	SMARCD1
Q92925	SMARCD2
Q2TAY7	SMU1
P54920	NAPA
Q99747	NAPG
O95295	SNAPIN
Q7KZF4	SND1
Q12824	SMARCB1
O00161	SNAP23
O95721	SNAP29
Q96DI7	SNRNP40
P09012	SNRPA
Q9Y675	SNURF
O43290	SART1
Q53GS9	USP39
Q13573	SNW1
Q13596	SNX1
O60749	SNX2
Q9Y5X3	SNX5
Q9UNH7	SNX6
Q9Y5X1	SNX9
P35610	SOAT1
O14508	SOCS2
Q8WXH5	SOCS4
O75159	SOCS5
O14544	SOCS6
O14512	SOCS7
P00441	SOD1
P30626	SRI
Q99523	SORT1
P08047	SP1
Q9Y5B9	SUPT16H
Q02447	SP3
Q9BVQ7	AFG2B
Q96R06	SPAG5
Q8NB90	AFG2A
P50452	SERPINB8
Q8NBT2	SPC24
Q9HBM1	SPC25
Q15005	SPCS2
P61009	SPCS3
P19623	SRM
O75934	BCAS2
O75940	SMNDC1
Q96I25	RBM17
Q9BPZ2	SPIN2B
Q9Y657	SPIN1
Q2M3C7	SPHKAP
Q13103	SPP2
P49903	SEPHS1
Q96BD6	SPSB1
Q99619	SPSB2
Q6PJ21	SPSB3
Q96A44	SPSB4
O00267	SUPT5H
Q01082	SPTBN1
O15269	SPTLC1
Q13813	SPTAN1
Q9H254	SPTBN4
Q9Y6N5	SQOR
Q13501	SQSTM1
O15042	U2SURP
P49458	SRP9
P37108	SRP14
P09132	SRP19
P61011	SRP54
Q9UHB9	SRP68
O76094	SRP72
Q96SB4	SRPK1
P78362	SRPK2
Q9Y5M8	SRPRB
Q8IYB3	SRRM1
Q9UQ35	SRRM2
Q9BXP5	SRRT
Q05519	SRSF11
Q07955	SRSF1
Q01130	SRSF2
P84103	SRSF3
Q13247	SRSF6
Q16629	SRSF7
Q13242	SRSF9
O60232	ZNRD2
Q04837	SSBP1
P81877	SSBP2
P43307	SSR1
P51571	SSR4
Q9UNL2	SSR3
Q08945	SSRP1
Q15532	SS18
O94768	STK17B
O60284	ST18
Q9Y2H1	STK38L
O95630	STAMBP
Q8N3U4	STAG2
Q92783	STAM
P42224	STAT1
P40763	STAT3
O95793	STAU1
Q13586	STIM1
P31948	STIP1
Q9P289	STK26
Q15208	STK38
Q9UEW8	STK39
Q13043	STK4
Q9UJZ1	STOML2
P16949	STMN1
Q93045	STMN2
Q9H6E5	TUT1
Q9Y3F4	STRAP
Q96SI9	STRBP
O43815	STRN
Q13033	STRN3
Q9NRL3	STRN4
P46977	STT3A
Q8TCJ2	STT3B
Q86Y82	STX12
P56962	STX17
Q9P2W9	STX18
O43752	STX6
P53597	SUCLG1
Q9P2R7	SUCLA2
Q8IWZ8	SUGP1
Q8NBJ7	SUMF2
P63165	SUMO1
P61956	SUMO2
Q9UH99	SUN2
O15260	SURF4
Q15022	SUZ12
P49588	AARS1
P49589	CARS1
P14868	DARS1
P07814	EPRS1
Q9HCS7	XAB2
O95926	SYF2
Q9Y285	FARSA
Q9NSD9	FARSB
P12081	HARS1
P41252	IARS1
Q9NSE4	IARS2
Q15046	KARS1
Q9P2J5	LARS1
P56192	MARS1
Q92797	SYMPK
O43776	NARS1
Q8NF91	SYNE1
Q8WXH0	SYNE2
O43426	SYNJ1
Q9UMZ2	SYNRG
P47897	QARS1
P54136	RARS1
P49591	SARS1
Q9NP81	SARS2
P26639	TARS1
P26640	VARS1
P23381	WARS1
P54577	YARS1
Q14DG7	TMEM132B
Q15714	TSC22D1
O75157	TSC22D2
Q9Y3Q8	TSC22D4
P35269	GTF2F1
P13984	GTF2F2
Q9Y228	TRAF3IP3
Q15750	TAB1
Q9NYJ8	TAB2
Q8N5C8	TAB3
Q9Y6A5	TACC3
Q9BSH4	TACO1
Q13148	TARDBP
Q12962	TAF10
O00268	TAF4
Q7Z7C8	TAF8
P37802	TAGLN2
P17542	TAL1
Q16559	TAL2
P37837	TALDO1
Q03518	TAP1
Q86VP1	TAX1BP1
Q4KMP7	TBC1D10B
Q9BQE3	TUBA1C
P68366	TUBA4A
A6NHL2	TUBAL3
Q9H4B7	TUBB1
Q13885	TUBB2A
Q9BVA1	TUBB2B
Q13509	TUBB3
P04350	TUBB4A
P68371	TUBB4B
P07437	TUBB
Q9BUF5	TUBB6
Q3ZCM7	TUBB8
Q8TC07	TBC1D15
O75347	TBCA
Q99426	TBCB
Q92609	TBC1D5
Q15813	TBCE
P23258	TUBG1
Q9BZK7	TBL1XR1
O43435	TBX1
Q8N7M0	DYNLT5
P23193	TCEA1
P36402	TCF7
Q13428	TCOF1
P53999	SUB1
P17987	TCP1
P78371	CCT2
P50991	CCT4
P48643	CCT5
P49368	CCT3
Q99832	CCT7
P50990	CCT8
Q92526	CCT6B
P40227	CCT6A
O14776	TCERG1
P13693	TPT1
Q9H147	DNTTIP1
Q8NDG6	TDRD9
Q9NYB0	TERF2IP
Q96MN5	TCEANC2
Q15185	PTGES3
Q9NZ01	TECR
Q9Y4R8	TELO2
Q99973	TEP1
P55072	VCP
Q15554	TERF2
Q6N021	TET2
Q8N6G2	TEX26
Q5JUR7	TEX30
Q00403	GTF2B
Q12789	GTF3C1
Q9Y5Q9	GTF3C3
Q9UKN8	GTF3C4
Q9Y5Q8	GTF3C5
Q00059	TFAM
Q01664	TFAP4
P15923	TCF3
Q92734	TFG
Q9UBB9	TFIP11
P02786	TFRC
Q8WUH2	TGFBRAP1
Q5JRA6	MIA3
Q96RS0	TGS1
Q9BWD1	ACAT2
P09110	ACAA1
P24752	ACAT1
P10599	TXN
Q8N1K5	THEMIS
Q96FV9	THOC1
Q8NI27	THOC2
Q96J01	THOC3
Q86V81	ALYREF
Q13769	THOC5
Q86W42	THOC6
Q6I9Y2	THOC7
Q9NXG2	THUMPD1
Q9BV44	THUMPD3
Q9P016	THYN1
P31483	TIA1
Q01085	TIAL1
Q13263	TRIM28
P62072	TIMM10
Q9Y5L4	TIMM13
Q96DA6	DNAJC19
Q9Y3D7	PAM16
O43615	TIMM44
Q3ZCQ8	TIMM50
Q9Y5J7	TIMM9
O75663	TIPRL
Q9BRJ7	NUDT16L1
P47974	ZFP36L2
Q8WZ42	TTN
P29401	TKT
Q04726	TLE3
Q9Y490	TLN1
Q9BVC6	TMEM109
Q9HC07	TMEM165
P61165	TMEM258
Q99805	TM9SF2
Q9HD45	TM9SF3
Q96EY4	TMA16
Q9UM00	TMCO1
Q15363	TMED2
Q9Y3Q3	TMED3
Q7Z7H5	TMED4
Q9Y3A6	TMED5
Q9Y3B3	TMED7
Q6PL24	TMED8
Q9BVK6	TMED9
P49755	TMED10
P82094	TMF1
P57088	TMEM33
Q9BTV4	TMEM43
Q9NYL9	TMOD3
Q9H3N1	TMX1
Q96JJ7	TMX3
P21580	TNFAIP3
Q92973	TNPO1
O14787	TNPO2
Q9Y5L0	TNPO3
Q9UPQ9	TNRC6B
Q5JTV8	TOR1AIP1
Q15388	TOMM20
Q9NS69	TOMM22
O96008	TOMM40
Q96B49	TOMM6
P11387	TOP1
P11388	TOP2A
Q96KB5	PBK
O94842	TOX4
Q8WVP5	TNFAIP8L1
Q7Z392	TRAPPC11
P55327	TPD52
O43399	TPD52L2
P60174	TPI1
P06753	TPM3
P67936	TPM4
O14773	TPP1
P29144	TPP2
O43617	TRAPPC3
Q9Y296	TRAPPC4
Q8IUR0	TRAPPC5
P12270	TPR
O15533	TAPBP
Q9ULW0	TPX2
Q9UI30	TRMT112
O14836	TNFRSF13B
Q9Y2W1	THRAP3
Q13595	TRA2A
P62995	TRA2B
Q9H4I3	TRABD
O14545	TRAFD1
Q9BUZ4	TRAF4
O00463	TRAF5
Q9Y4K3	TRAF6
Q15629	TRAM1
Q12931	TRAP1
Q6PIZ9	TRAT1
Q9NSU2	TREX1
Q14258	TRIM25
Q13049	TRIM32
Q9UPN9	TRIM33
Q96DX7	TRIM44
Q15643	TRIP11
Q14669	TRIP12
Q9HCF6	TRPM3
Q16881	TXNRD1
P35030	PRSS3
Q99816	TSG101
Q92574	TSC1
P49815	TSC2
Q15631	TSN
Q99598	TSNAX
P0CW00	TSPY8
Q2NL82	TSR1
Q53HC9	EIPR1
Q9Y5U2	TSSC4
Q99614	TTC1
Q6PID6	TTC33
Q9ULT0	TTC7A
Q9UNY4	TTF2
Q14166	TTLL12
Q9NRJ4	TULP4
Q5VYS8	TUT7
P01733	TRBV12-3
Q12792	TWF1
Q6IBS0	TWF2
O95881	TXNDC12
Q9BRA2	TXNDC17
P40222	TXLNA
Q8NBS9	TXNDC5
O14530	TXNDC9
O43396	TXNL1
P53007	SLC25A1
P63313	TMSB10
P62328	TMSB4X
P04818	TYMS
P25490	YY1
P26368	U2AF2
O75643	SNRNP200
Q15029	EFTUD2
Q16222	UAP1
P60604	UBE2G2
P68036	UBE2L3
O14933	UBE2L6
Q712K3	UBE2R2
Q13404	UBE2V1
Q15819	UBE2V2
P22314	UBA1
Q9GZZ9	UBA5
A0AVT1	UBA6
Q8NBM4	UBAC2
P61081	UBE2M
P63279	UBE2I
Q8WVY7	UBLCP1
P49459	UBE2A
P61088	UBE2N
Q9C0C9	UBE2O
Q05086	UBE3A
Q14139	UBE4A
P11441	UBL4A
Q9BZL1	UBL5
Q14694	USP10
P51784	USP11
P54578	USP14
Q9Y4E8	USP15
Q9UPU5	USP24
Q14157	UBAP2L
Q70CQ2	USP34
P45974	USP5
Q93009	USP7
Q9UMX0	UBQLN1
Q9UHD9	UBQLN2
Q8IWV7	UBR1
Q8IWV8	UBR2
Q5T4S7	UBR4
O95071	UBR5
Q8N806	UBR7
Q04323	UBXN1
Q92575	UBXN4
O94888	UBXN7
P15374	UCHL3
Q9Y5K5	UCHL5
Q9BZX2	UCK2
Q9NWZ5	UCKL1
P47985	UQCRFS1
Q9Y3C8	UFC1
Q92890	UFD1
O94874	UFL1
Q9NYU2	UGGT1
Q16851	UGP2
Q96T88	UHRF1
Q13564	NAE1
P11172	UMPS
Q70J99	UNC13D
Q9H3U1	UNC45A
Q9BRT2	UQCC2
Q6BDS2	BLTP3A
Q86UX7	FERMT3
Q9NZ43	USE1
Q96IX5	ATP5MK
O60763	USO1
Q93008	USP9X
Q9UBK9	UXT
P61421	ATP6V0D1
Q08AM6	VAC14
P63027	VAMP2
Q9P0L0	VAPA
O95292	VAPB
P50552	VASP
Q99536	VAT1
P38606	ATP6V1A
P21281	ATP6V1B2
P36543	ATP6V1E1
Q16864	ATP6V1F
O75348	ATP6V1G1
Q9UI12	ATP6V1H
P27449	ATP6V0C
P15498	VAV1
Q96JH7	VCPIP1
P21796	VDAC1
P45880	VDAC2
Q9Y277	VDAC3
Q14119	VEZF1
P35916	FLT4
P40337	VHL
Q00341	HDLBP
P08670	VIM
Q69YN4	VIRMA
Q9BQB6	VKORC1
Q709C8	VPS13C
Q4G0F5	VPS26B
Q96AX1	VPS33A
Q9H9H4	VPS37B
Q9H270	VPS11
Q9H269	VPS16
Q9P253	VPS18
Q9UK41	VPS28
Q9UBQ0	VPS29
Q96QK1	VPS35
Q86VN1	VPS36
P49754	VPS41
Q9NRW7	VPS45
Q9UN37	VPS4A
O75351	VPS4B
Q96JG6	VPS50
Q9UID3	VPS51
Q8N1B4	VPS52
Q5VIR6	VPS53
Q99986	VRK1
A3KMH1	VWA8
Q9BTA9	WAC
Q641Q2	WASHC2A
Q9Y4E1	WASHC2C
Q7Z5K2	WAPL
Q9Y3C0	WASHC3
Q2M389	WASHC4
Q12768	WASHC5
Q92558	WASF1
Q9Y6W5	WASF2
Q9Y2W2	WBP11
O75554	WBP4
O75717	WDHD1
O75083	WDR1
Q9BZH6	WDR11
Q9GZL7	WDR12
Q8IZU2	WDR17
Q9H7D7	WDR26
Q9C0J8	WDR33
Q9Y2I8	WDR37
P61964	WDR5
Q9NNW5	WDR6
Q9GZS3	SKIC8
Q8IWA0	WDR75
Q6UXN9	WDR82
Q9BRX9	WDR83
Q96MX6	DNAAF10
O95785	WIZ
Q9H4A3	WNK1
Q96S55	WRNIP1
Q9Y6I7	WSB1
Q9NYS7	WSB2
Q6GPH4	XAF1
A4UGR9	XIRP2
O14980	XPO1
P55060	CSE1L
Q9HAV4	XPO5
Q9UIA9	XPO7
O43592	XPOT
Q9NQW7	XPNPEP1
P13010	XRCC5
P12956	XRCC6
Q9H0D6	XRN2
Q8IY57	YAF2
P67809	YBX1
P16989	YBX3
O95619	YEATS4
P49750	YLPM1
Q96TA2	YME1L1
P62699	YPEL5
Q9Y5A9	YTHDF2
Q8IWR0	ZC3H7A
P43403	ZAP70
Q49AG3	ZBED5
O43829	ZBTB14
O43167	ZBTB24
O15060	ZBTB39
Q6ZSB9	ZBTB49
Q9Y2K1	ZBTB1
O75152	ZC3H11A
Q9UPT8	ZC3H4
Q8N5P1	ZC3H8
Q8WU90	ZC3H15
Q9NQZ6	ZC4H2
Q96H79	ZC3HAV1L
Q7Z2W4	ZC3HAV1
Q6NZY4	ZCCHC8
Q8TBF4	ZCRB1
P37275	ZEB1
Q7Z7L7	ZER1
Q8TCF1	ZFAND1
Q96KR1	ZFR
Q96NC0	ZMAT2
Q9UBW7	ZMYM2
Q9UQR1	ZNF148
O43670	ZNF207
Q8NDW4	ZNF248
Q9UL40	ZNF346
Q5T0B9	ZNF362
Q96PM5	RCHY1
Q8TF68	ZNF384
Q8NDP4	ZNF439
Q96K83	ZNF521
Q8NEP9	ZNF555
O00488	ZNF593
Q86UK7	ZNF598
Q9UID6	ZNF639
Q9Y5V0	ZNF706
Q8NDX6	ZNF740
Q5HY98	ZNF766
Q6DD87	ZNF787
Q96NB3	ZNF830
P17028	ZNF24
P13682	ZNF35
Q9UHR6	ZNHIT2
Q8ND25	ZNRF1
Q8NEW0	SLC30A7
Q6PML9	SLC30A9
Q9UDY2	TJP2
O75312	ZPR1
O95218	ZRANB2
Q9H7M6	ZSWIM4
Q9HCJ5	ZSWIM6
A7E2V4	ZSWIM8
O43264	ZW10
O95229	ZWINT
Q9C0D3	ZYG11B
Q15942	ZYX
O43149	ZZEF1
O12164	env
P12493	gag
P18801	nef
Q2A7R5	pol
P69718	rev
P0C1K3	tat
P69723	vif
